"0","78","577"
"1","168","1244"
"2","56","23"
"3","194","2001"
"4","65","2441"
"5","45","709"
"6","53","2214"
"7","30","1720"
"8","127","911"
"9","196","1545"
"10","117","2965"
"11","143","868"
"12","114","1874"
"13","40","3098"
"14","174","3170"
"15","176","1543"
"16","63","2036"
"17","140","1744"
"18","78","3669"
"19","165","1198"
"20","69","3743"
"21","97","3036"
"22","20","3786"
"23","127","3997"
"24","28","3796"
"25","135","3286"
"26","100","1449"
"27","74","1785"
"28","102","3591"
"29","140","1087"
"30","85","1466"
"31","28","3124"
"32","193","547"
"33","157","538"
"34","144","2198"
"35","141","2556"
"36","82","1447"
"37","199","920"
"38","25","1260"
"39","144","463"
"40","37","2306"
"41","149","2796"
"42","41","2111"
"43","149","2665"
"44","197","2938"
"45","160","3530"
"46","111","3539"
"47","80","3679"
"48","133","2744"
"49","50","2546"
"50","160","1706"
"51","193","3327"
"52","38","2939"
"53","50","3313"
"54","9","3286"
"55","32","3523"
"56","19","312"
"57","176","214"
"58","11","2194"
"59","38","747"
"60","10","104"
"61","10","3355"
"62","89","2744"
"63","3","3795"
"64","4","3804"
"65","87","3245"
"66","13","1101"
"67","158","2698"
"68","16","3660"
"69","30","3591"
"70","49","1646"
"71","24","996"
"72","79","236"
"73","141","2231"
"74","31","2692"
"75","63","1593"
"76","61","602"
"77","162","3374"
"78","69","2022"
"79","197","1031"
"80","148","3430"
"81","161","928"
"82","64","207"
"83","176","2791"
"84","112","2537"
"85","143","3503"
"86","188","931"
"87","8","1891"
"88","162","2294"
"89","77","3695"
"90","23","1490"
"91","135","1194"
"92","105","3076"
"93","141","2698"
"94","183","1276"
"95","0","485"
"96","137","2610"
"97","191","475"
"98","139","3"
"99","37","227"
"100","36","1259"
"101","196","2547"
"102","116","2210"
"103","22","3743"
"104","194","2497"
"105","92","3678"
"106","67","813"
"107","5","717"
"108","82","3786"
"109","105","1984"
"110","60","2907"
"111","154","1061"
"112","198","75"
"113","189","2385"
"114","165","265"
"115","143","3285"
"116","64","3935"
"117","125","735"
"118","14","119"
"119","134","3871"
"120","91","1479"
"121","51","193"
"122","89","2379"
"123","154","1667"
"124","199","3233"
"125","23","1584"
"126","91","2182"
"127","168","1099"
"128","94","2357"
"129","99","2938"
"130","150","3281"
"131","93","2661"
"132","110","320"
"133","93","3603"
"134","70","2199"
"135","156","3401"
"136","163","263"
"137","166","3076"
"138","82","68"
"139","9","2256"
"140","142","3169"
"141","95","2423"
"142","0","1154"
"143","96","2878"
"144","89","1268"
"145","117","2703"
"146","39","1832"
"147","150","1023"
"148","197","1888"
"149","151","3906"
"150","178","3025"
"151","73","161"
"152","10","2312"
"153","106","1426"
"154","53","2656"
"155","56","735"
"156","192","2165"
"157","108","1509"
"158","99","1307"
"159","157","605"
"160","95","303"
"161","36","1895"
"162","33","292"
"163","180","3762"
"164","157","321"
"165","118","3335"
"166","123","1726"
"167","5","2586"
"168","87","3003"
"169","85","100"
"170","21","569"
"171","5","915"
"172","1","1169"
"173","47","3454"
"174","159","325"
"175","30","248"
"176","143","3941"
"177","120","106"
"178","135","3410"
"179","169","1235"
"180","66","2363"
"181","191","3413"
"182","17","2087"
"183","175","1449"
"184","63","1113"
"185","35","34"
"186","114","1618"
"187","178","1141"
"188","158","196"
"189","127","702"
"190","2","268"
"191","79","2443"
"192","130","3586"
"193","17","1907"
"194","99","2185"
"195","139","2409"
"196","30","937"
"197","182","2272"
"198","142","3726"
"199","121","1871"
"200","194","803"
"201","171","1212"
"202","33","263"
"203","157","1003"
"204","105","335"
"205","4","2383"
"206","46","1384"
"207","82","3950"
"208","194","3873"
"209","145","1825"
"210","128","3775"
"211","154","2723"
"212","23","3693"
"213","7","1144"
"214","55","104"
"215","25","184"
"216","120","2547"
"217","181","3904"
"218","21","124"
"219","11","1467"
"220","121","3160"
"221","137","384"
"222","112","1185"
"223","32","743"
"224","98","1065"
"225","110","3613"
"226","139","3251"
"227","130","2545"
"228","112","3541"
"229","113","388"
"230","165","1847"
"231","61","2917"
"232","32","2983"
"233","174","3731"
"234","11","2983"
"235","86","3772"
"236","38","2929"
"237","155","2443"
"238","53","2680"
"239","47","1896"
"240","137","1897"
"241","170","420"
"242","32","1773"
"243","24","2831"
"244","41","1319"
"245","61","2830"
"246","7","1856"
"247","161","1023"
"248","75","3936"
"249","17","1647"
"250","24","2412"
"251","156","2927"
"252","137","3886"
"253","82","733"
"254","37","773"
"255","88","3335"
"256","160","3614"
"257","26","2349"
"258","50","2682"
"259","35","2558"
"260","17","1684"
"261","24","1841"
"262","162","210"
"263","34","2099"
"264","187","3252"
"265","83","3979"
"266","37","776"
"267","78","3830"
"268","180","1624"
"269","29","2427"
"270","57","1914"
"271","132","1448"
"272","113","1001"
"273","13","3838"
"274","193","2269"
"275","50","3679"
"276","102","842"
"277","64","3725"
"278","91","3064"
"279","77","3025"
"280","12","2220"
"281","115","3910"
"282","9","1840"
"283","49","1251"
"284","105","2144"
"285","42","3041"
"286","164","3541"
"287","105","560"
"288","164","3478"
"289","0","464"
"290","128","2546"
"291","60","2661"
"292","156","2971"
"293","86","3670"
"294","137","2199"
"295","162","2515"
"296","199","166"
"297","199","1807"
"298","150","3945"
"299","195","1221"
"300","197","2354"
"301","108","1375"
"302","50","3996"
"303","34","1601"
"304","100","3385"
"305","53","2497"
"306","25","443"
"307","112","213"
"308","97","537"
"309","101","3387"
"310","128","3034"
"311","185","2772"
"312","141","1330"
"313","83","1198"
"314","38","1160"
"315","193","1215"
"316","165","3880"
"317","134","108"
"318","42","2127"
"319","41","3467"
"320","56","950"
"321","17","752"
"322","181","3147"
"323","1","1947"
"324","86","1969"
"325","39","1018"
"326","153","3567"
"327","134","1743"
"328","180","3736"
"329","32","3858"
"330","100","1082"
"331","114","3513"
"332","148","3391"
"333","45","3501"
"334","127","1974"
"335","52","851"
"336","16","2984"
"337","77","1671"
"338","150","198"
"339","70","477"
"340","32","2231"
"341","136","1087"
"342","85","579"
"343","0","3738"
"344","43","623"
"345","127","1517"
"346","46","1808"
"347","169","2784"
"348","154","2526"
"349","106","3636"
"350","29","2338"
"351","0","1699"
"352","83","2354"
"353","140","3072"
"354","27","1885"
"355","63","2338"
"356","87","579"
"357","97","477"
"358","40","3715"
"359","129","760"
"360","173","3208"
"361","165","3126"
"362","137","3196"
"363","177","1969"
"364","189","1054"
"365","48","3182"
"366","27","73"
"367","178","3623"
"368","9","2257"
"369","127","2840"
"370","181","3574"
"371","54","3806"
"372","84","3503"
"373","92","3603"
"374","81","1777"
"375","166","1809"
"376","185","2231"
"377","182","237"
"378","167","3687"
"379","46","1893"
"380","75","1035"
"381","24","3006"
"382","59","921"
"383","18","1047"
"384","143","1022"
"385","20","891"
"386","25","476"
"387","96","3706"
"388","152","3060"
"389","25","99"
"390","104","2380"
"391","40","313"
"392","86","1770"
"393","138","3223"
"394","196","3603"
"395","40","1062"
"396","169","3808"
"397","192","2401"
"398","190","1191"
"399","124","51"
"400","93","2206"
"401","21","995"
"402","91","3806"
"403","30","3813"
"404","56","777"
"405","81","3649"
"406","50","2011"
"407","13","474"
"408","103","780"
"409","37","1447"
"410","131","637"
"411","159","2293"
"412","52","1886"
"413","140","3715"
"414","11","3893"
"415","82","1671"
"416","13","2854"
"417","197","3558"
"418","106","2313"
"419","154","2287"
"420","130","3610"
"421","34","884"
"422","182","2449"
"423","184","1693"
"424","101","1222"
"425","113","3248"
"426","182","561"
"427","41","2616"
"428","133","3722"
"429","178","3487"
"430","133","3467"
"431","38","2409"
"432","116","1075"
"433","105","2790"
"434","16","3530"
"435","105","2029"
"436","171","1884"
"437","106","2970"
"438","107","2682"
"439","82","994"
"440","16","860"
"441","143","1121"
"442","142","3151"
"443","76","605"
"444","47","165"
"445","49","1675"
"446","131","647"
"447","109","2540"
"448","11","3240"
"449","73","321"
"450","4","1988"
"451","74","1075"
"452","172","843"
"453","16","2551"
"454","122","2566"
"455","48","501"
"456","42","1467"
"457","168","3330"
"458","159","3488"
"459","169","3100"
"460","43","934"
"461","75","1215"
"462","3","3206"
"463","60","3155"
"464","3","44"
"465","88","3857"
"466","107","629"
"467","195","1859"
"468","122","2116"
"469","88","617"
"470","124","331"
"471","196","1212"
"472","178","1156"
"473","121","143"
"474","175","2711"
"475","170","2435"
"476","84","2236"
"477","167","702"
"478","168","2437"
"479","52","2675"
"480","30","2759"
"481","25","1430"
"482","76","3965"
"483","68","3555"
"484","92","3460"
"485","94","1314"
"486","12","747"
"487","137","1375"
"488","52","3784"
"489","167","268"
"490","156","2770"
"491","75","1885"
"492","108","2061"
"493","155","3806"
"494","101","2016"
"495","140","802"
"496","182","730"
"497","130","2619"
"498","176","747"
"499","167","1402"
"500","29","607"
"501","87","143"
"502","171","3623"
"503","174","337"
"504","2","1333"
"505","153","1454"
"506","6","1160"
"507","6","3839"
"508","145","2287"
"509","125","3952"
"510","175","3619"
"511","29","437"
"512","29","3204"
"513","90","3679"
"514","143","517"
"515","192","2046"
"516","59","2929"
"517","164","2"
"518","111","2013"
"519","47","3932"
"520","185","1418"
"521","159","2128"
"522","94","1221"
"523","108","1268"
"524","74","1539"
"525","134","476"
"526","143","2565"
"527","115","3623"
"528","185","1791"
"529","28","2256"
"530","107","1268"
"531","138","3540"
"532","86","3549"
"533","39","1449"
"534","88","132"
"535","10","2373"
"536","150","834"
"537","108","2011"
"538","77","1769"
"539","170","2418"
"540","111","1449"
"541","139","1968"
"542","2","3745"
"543","141","762"
"544","76","1471"
"545","167","1257"
"546","19","2504"
"547","21","916"
"548","118","3233"
"549","5","984"
"550","136","3044"
"551","13","2966"
"552","32","2761"
"553","36","1175"
"554","130","1714"
"555","8","1666"
"556","152","2331"
"557","45","597"
"558","41","2655"
"559","181","203"
"560","199","3821"
"561","116","1517"
"562","60","2983"
"563","136","4"
"564","163","97"
"565","35","1291"
"566","46","3418"
"567","67","289"
"568","110","1288"
"569","170","406"
"570","39","3649"
"571","92","1883"
"572","113","3970"
"573","30","1011"
"574","105","3845"
"575","110","3167"
"576","22","3323"
"577","9","1967"
"578","46","1899"
"579","192","639"
"580","5","3174"
"581","26","3355"
"582","22","2476"
"583","66","276"
"584","194","2763"
"585","133","2672"
"586","4","2969"
"587","7","1539"
"588","129","2073"
"589","90","261"
"590","92","2971"
"591","67","1056"
"592","181","2317"
"593","127","212"
"594","42","3264"
"595","174","334"
"596","66","695"
"597","136","3406"
"598","19","3647"
"599","189","1325"
"600","54","3523"
"601","171","2116"
"602","118","2272"
"603","174","2591"
"604","27","2679"
"605","155","2380"
"606","145","2328"
"607","142","2541"
"608","177","2516"
"609","122","2256"
"610","197","1852"
"611","192","3947"
"612","198","892"
"613","74","504"
"614","167","936"
"615","40","2925"
"616","163","1107"
"617","25","1919"
"618","125","3047"
"619","94","56"
"620","4","995"
"621","180","3933"
"622","39","370"
"623","71","302"
"624","139","1383"
"625","90","3286"
"626","92","171"
"627","84","1744"
"628","126","2122"
"629","48","971"
"630","127","27"
"631","95","2925"
"632","195","328"
"633","64","449"
"634","72","1161"
"635","178","3982"
"636","112","1749"
"637","157","439"
"638","160","3902"
"639","115","1087"
"640","58","1682"
"641","168","2099"
"642","164","2023"
"643","145","2213"
"644","53","2726"
"645","2","1816"
"646","175","1095"
"647","181","2944"
"648","15","2516"
"649","15","3920"
"650","161","2048"
"651","93","713"
"652","55","3162"
"653","36","844"
"654","3","1007"
"655","31","2423"
"656","18","2697"
"657","143","1094"
"658","16","3009"
"659","91","1185"
"660","78","3046"
"661","131","3644"
"662","78","3886"
"663","81","3702"
"664","19","1819"
"665","29","236"
"666","182","1945"
"667","14","263"
"668","44","1875"
"669","181","2387"
"670","161","1967"
"671","43","3681"
"672","15","431"
"673","76","1896"
"674","195","3644"
"675","124","3460"
"676","11","2858"
"677","84","3044"
"678","186","2471"
"679","30","550"
"680","133","1445"
"681","66","2781"
"682","7","1091"
"683","20","2501"
"684","175","3338"
"685","72","1149"
"686","32","2192"
"687","139","791"
"688","185","3893"
"689","166","2241"
"690","43","3421"
"691","20","997"
"692","169","3501"
"693","84","2591"
"694","36","2073"
"695","41","3741"
"696","196","1860"
"697","55","1574"
"698","99","1791"
"699","9","2832"
"700","3","2759"
"701","124","1886"
"702","165","700"
"703","100","179"
"704","64","2841"
"705","32","328"
"706","158","3285"
"707","18","2546"
"708","180","1615"
"709","7","3689"
"710","18","3981"
"711","123","3810"
"712","192","419"
"713","79","3509"
"714","52","3167"
"715","148","132"
"716","122","2804"
"717","152","3093"
"718","179","2330"
"719","148","3330"
"720","115","3034"
"721","127","1617"
"722","30","3515"
"723","88","3540"
"724","65","108"
"725","174","774"
"726","190","950"
"727","170","1930"
"728","24","3745"
"729","51","3830"
"730","29","1860"
"731","113","2275"
"732","96","3167"
"733","23","601"
"734","76","563"
"735","105","2217"
"736","181","1036"
"737","91","814"
"738","171","1194"
"739","151","443"
"740","136","2798"
"741","122","2950"
"742","178","959"
"743","67","2328"
"744","183","3720"
"745","172","106"
"746","20","108"
"747","74","3702"
"748","73","823"
"749","5","1821"
"750","124","453"
"751","168","2794"
"752","81","3251"
"753","30","300"
"754","23","950"
"755","17","2317"
"756","143","262"
"757","154","2516"
"758","198","2313"
"759","89","3541"
"760","5","437"
"761","126","2863"
"762","69","2441"
"763","111","1116"
"764","50","47"
"765","164","2994"
"766","7","1864"
"767","98","1821"
"768","116","2696"
"769","59","3059"
"770","48","3630"
"771","70","3047"
"772","62","3163"
"773","121","1820"
"774","36","928"
"775","47","1062"
"776","30","2704"
"777","142","2380"
"778","148","1190"
"779","112","84"
"780","132","3355"
"781","116","2076"
"782","176","3101"
"783","31","426"
"784","99","237"
"785","13","1254"
"786","111","125"
"787","166","2680"
"788","188","2128"
"789","159","3939"
"790","93","1969"
"791","172","1422"
"792","171","582"
"793","157","3139"
"794","174","2549"
"795","179","2214"
"796","1","2190"
"797","22","1176"
"798","43","3531"
"799","131","1433"
"800","0","1702"
"801","186","133"
"802","95","447"
"803","23","3085"
"804","16","398"
"805","149","1302"
"806","150","647"
"807","30","937"
"808","152","358"
"809","107","3804"
"810","176","1471"
"811","28","3583"
"812","157","3469"
"813","12","3540"
"814","64","3806"
"815","32","252"
"816","124","458"
"817","50","57"
"818","43","98"
"819","48","3686"
"820","196","1429"
"821","21","212"
"822","69","1307"
"823","138","1398"
"824","72","1245"
"825","16","3838"
"826","100","3414"
"827","162","701"
"828","49","2321"
"829","98","2954"
"830","6","2830"
"831","121","2412"
"832","129","1585"
"833","146","210"
"834","120","3589"
"835","186","1639"
"836","15","316"
"837","120","2192"
"838","124","2285"
"839","103","3421"
"840","48","911"
"841","187","3449"
"842","33","3935"
"843","195","3170"
"844","61","1200"
"845","90","646"
"846","40","1667"
"847","56","2858"
"848","66","3072"
"849","81","3828"
"850","7","831"
"851","109","1320"
"852","44","2011"
"853","158","34"
"854","9","3261"
"855","137","2409"
"856","82","3385"
"857","100","2178"
"858","105","2218"
"859","114","1369"
"860","0","547"
"861","65","2293"
"862","111","3880"
"863","123","3309"
"864","120","1024"
"865","1","3040"
"866","31","1299"
"867","86","2384"
"868","168","3213"
"869","19","1054"
"870","178","2633"
"871","32","1357"
"872","52","1540"
"873","173","1627"
"874","132","2087"
"875","101","557"
"876","144","1359"
"877","61","999"
"878","98","2526"
"879","199","2269"
"880","14","1641"
"881","99","3309"
"882","150","3309"
"883","24","821"
"884","42","324"
"885","31","3356"
"886","13","2548"
"887","178","1031"
"888","151","2287"
"889","42","351"
"890","48","409"
"891","3","3845"
"892","93","3061"
"893","135","1888"
"894","181","3064"
"895","145","3298"
"896","13","1448"
"897","151","418"
"898","117","1978"
"899","136","2695"
"900","87","3982"
"901","38","1500"
"902","110","2053"
"903","190","1371"
"904","52","2494"
"905","173","3179"
"906","39","3252"
"907","132","1224"
"908","51","2265"
"909","11","3996"
"910","99","1418"
"911","38","2316"
"912","76","1822"
"913","124","2111"
"914","197","1194"
"915","183","158"
"916","74","3608"
"917","194","1473"
"918","91","2672"
"919","143","930"
"920","197","1485"
"921","91","60"
"922","73","3174"
"923","164","1175"
"924","60","844"
"925","101","1075"
"926","50","3988"
"927","23","802"
"928","131","3821"
"929","130","3930"
"930","145","3003"
"931","55","1018"
"932","150","236"
"933","184","3469"
"934","183","1384"
"935","113","618"
"936","115","1941"
"937","194","1809"
"938","140","2306"
"939","99","3155"
"940","151","225"
"941","78","3826"
"942","184","1679"
"943","163","252"
"944","26","2437"
"945","101","409"
"946","39","2343"
"947","22","2571"
"948","168","21"
"949","167","2144"
"950","22","2132"
"951","172","2656"
"952","189","3262"
"953","66","2841"
"954","67","2945"
"955","4","3124"
"956","166","2218"
"957","193","3843"
"958","181","2745"
"959","18","2514"
"960","166","2830"
"961","22","955"
"962","182","3125"
"963","195","3278"
"964","48","362"
"965","16","2117"
"966","144","1454"
"967","140","2658"
"968","72","2220"
"969","0","730"
"970","91","3034"
"971","105","3936"
"972","0","1319"
"973","59","885"
"974","84","2464"
"975","137","733"
"976","88","3603"
"977","158","1182"
"978","73","904"
"979","73","1704"
"980","133","1681"
"981","85","2488"
"982","25","2272"
"983","41","1853"
"984","162","316"
"985","65","513"
"986","15","3173"
"987","40","3519"
"988","42","3502"
"989","20","996"
"990","173","2758"
"991","190","2313"
"992","51","3802"
"993","194","2468"
"994","93","3633"
"995","140","1115"
"996","115","2587"
"997","172","3519"
"998","159","3377"
"999","154","2102"
"1000","140","3855"
"1001","65","1476"
"1002","139","2637"
"1003","62","733"
"1004","84","1771"
"1005","91","618"
"1006","184","2418"
"1007","177","1208"
"1008","161","1459"
"1009","127","3597"
"1010","49","97"
"1011","111","1523"
"1012","19","343"
"1013","71","3857"
"1014","92","48"
"1015","1","639"
"1016","70","1654"
"1017","46","476"
"1018","43","3588"
"1019","137","1050"
"1020","143","2451"
"1021","121","1037"
"1022","23","617"
"1023","120","113"
"1024","108","1808"
"1025","147","43"
"1026","124","120"
"1027","154","2634"
"1028","142","1481"
"1029","183","242"
"1030","100","1079"
"1031","41","957"
"1032","102","2929"
"1033","193","2401"
"1034","16","588"
"1035","109","3199"
"1036","22","137"
"1037","188","3687"
"1038","165","3087"
"1039","16","3223"
"1040","63","961"
"1041","68","2262"
"1042","16","2298"
"1043","83","1507"
"1044","145","1825"
"1045","44","623"
"1046","146","357"
"1047","85","2695"
"1048","101","1499"
"1049","147","1727"
"1050","89","1679"
"1051","50","1669"
"1052","171","791"
"1053","124","3951"
"1054","11","938"
"1055","108","3785"
"1056","41","341"
"1057","137","695"
"1058","138","118"
"1059","189","352"
"1060","141","844"
"1061","117","3071"
"1062","9","2038"
"1063","172","2950"
"1064","186","3731"
"1065","43","408"
"1066","84","3733"
"1067","6","1122"
"1068","174","3469"
"1069","184","1094"
"1070","39","1612"
"1071","159","3998"
"1072","122","2192"
"1073","46","3361"
"1074","130","3575"
"1075","172","716"
"1076","132","3125"
"1077","20","3248"
"1078","89","1005"
"1079","35","717"
"1080","15","1539"
"1081","5","2296"
"1082","105","3085"
"1083","76","2658"
"1084","105","1780"
"1085","145","463"
"1086","2","2343"
"1087","44","429"
"1088","118","3861"
"1089","175","1489"
"1090","118","2761"
"1091","143","2610"
"1092","180","2864"
"1093","90","1131"
"1094","60","2970"
"1095","40","240"
"1096","112","3871"
"1097","190","1461"
"1098","100","2202"
"1099","175","1858"
"1100","181","125"
"1101","81","1593"
"1102","177","1001"
"1103","169","1364"
"1104","93","3404"
"1105","28","851"
"1106","42","701"
"1107","127","2088"
"1108","127","2412"
"1109","6","3569"
"1110","97","3808"
"1111","60","1251"
"1112","41","1459"
"1113","91","2159"
"1114","95","728"
"1115","68","2672"
"1116","53","1050"
"1117","93","3"
"1118","37","1459"
"1119","192","3845"
"1120","189","684"
"1121","32","1812"
"1122","168","1656"
"1123","57","994"
"1124","30","3669"
"1125","130","2166"
"1126","82","1335"
"1127","163","3843"
"1128","187","3614"
"1129","184","3752"
"1130","166","529"
"1131","108","3956"
"1132","35","952"
"1133","85","2616"
"1134","87","1202"
"1135","42","1875"
"1136","178","1303"
"1137","191","3999"
"1138","7","3679"
"1139","101","3863"
"1140","156","486"
"1141","57","2192"
"1142","69","3459"
"1143","67","1899"
"1144","93","1094"
"1145","96","1160"
"1146","127","1666"
"1147","111","3523"
"1148","52","3673"
"1149","147","1162"
"1150","99","1483"
"1151","70","3274"
"1152","60","3184"
"1153","35","1743"
"1154","198","1122"
"1155","20","1624"
"1156","144","2358"
"1157","79","157"
"1158","93","3025"
"1159","53","44"
"1160","55","2503"
"1161","139","1087"
"1162","69","3775"
"1163","104","236"
"1164","116","1458"
"1165","192","1404"
"1166","33","1509"
"1167","80","2108"
"1168","41","3355"
"1169","125","3612"
"1170","87","1929"
"1171","131","1319"
"1172","42","2742"
"1173","194","3225"
"1174","23","3810"
"1175","111","1967"
"1176","103","3434"
"1177","148","886"
"1178","99","1537"
"1179","147","541"
"1180","123","2927"
"1181","17","263"
"1182","136","137"
"1183","120","3197"
"1184","77","3632"
"1185","63","2783"
"1186","174","680"
"1187","141","2983"
"1188","100","3611"
"1189","153","166"
"1190","47","2993"
"1191","71","1773"
"1192","127","2557"
"1193","33","711"
"1194","140","197"
"1195","96","2078"
"1196","6","3064"
"1197","109","2418"
"1198","119","2241"
"1199","66","71"
"1200","125","1535"
"1201","6","517"
"1202","167","2658"
"1203","13","344"
"1204","176","426"
"1205","137","938"
"1206","173","3486"
"1207","131","2796"
"1208","37","514"
"1209","193","874"
"1210","110","1741"
"1211","27","1765"
"1212","26","2407"
"1213","141","1424"
"1214","13","2746"
"1215","6","2302"
"1216","41","3021"
"1217","146","2614"
"1218","35","2584"
"1219","148","966"
"1220","40","303"
"1221","133","657"
"1222","96","2834"
"1223","156","351"
"1224","152","1733"
"1225","56","3920"
"1226","118","418"
"1227","45","2224"
"1228","84","3689"
"1229","49","813"
"1230","1","2016"
"1231","19","1807"
"1232","40","2712"
"1233","107","2418"
"1234","70","2875"
"1235","68","224"
"1236","181","868"
"1237","32","178"
"1238","135","3591"
"1239","101","621"
"1240","80","3515"
"1241","179","568"
"1242","48","829"
"1243","114","3462"
"1244","51","3395"
"1245","84","377"
"1246","107","3708"
"1247","18","570"
"1248","146","2619"
"1249","169","174"
"1250","31","3750"
"1251","73","1571"
"1252","165","210"
"1253","77","1730"
"1254","6","2820"
"1255","57","2854"
"1256","185","3402"
"1257","143","198"
"1258","30","1357"
"1259","55","422"
"1260","190","709"
"1261","91","2530"
"1262","134","2656"
"1263","174","2274"
"1264","63","3059"
"1265","65","2470"
"1266","129","2737"
"1267","193","1302"
"1268","17","1019"
"1269","166","474"
"1270","17","1056"
"1271","124","98"
"1272","125","95"
"1273","97","1319"
"1274","165","3733"
"1275","33","3628"
"1276","112","2095"
"1277","194","1649"
"1278","41","3660"
"1279","44","1850"
"1280","139","2319"
"1281","10","2145"
"1282","19","794"
"1283","179","3760"
"1284","186","3163"
"1285","152","1025"
"1286","11","2471"
"1287","164","3091"
"1288","140","1885"
"1289","21","2312"
"1290","22","3487"
"1291","114","3469"
"1292","114","2591"
"1293","90","2192"
"1294","132","2013"
"1295","158","1258"
"1296","9","198"
"1297","157","408"
"1298","153","118"
"1299","102","760"
"1300","182","3796"
"1301","92","1742"
"1302","127","3724"
"1303","158","2200"
"1304","101","934"
"1305","49","823"
"1306","14","3259"
"1307","37","3184"
"1308","9","1215"
"1309","14","1911"
"1310","32","513"
"1311","150","3208"
"1312","4","326"
"1313","85","3603"
"1314","125","1281"
"1315","94","97"
"1316","8","1417"
"1317","38","3334"
"1318","131","620"
"1319","63","3562"
"1320","135","3679"
"1321","78","1369"
"1322","83","1137"
"1323","76","1396"
"1324","97","684"
"1325","129","1395"
"1326","92","1897"
"1327","76","3858"
"1328","153","3323"
"1329","132","3162"
"1330","23","2558"
"1331","81","873"
"1332","188","2090"
"1333","101","878"
"1334","54","2199"
"1335","25","2970"
"1336","68","1098"
"1337","125","1098"
"1338","35","409"
"1339","101","1408"
"1340","105","1178"
"1341","168","3076"
"1342","60","107"
"1343","175","1495"
"1344","8","1643"
"1345","119","1093"
"1346","27","1932"
"1347","146","2437"
"1348","128","3489"
"1349","81","2497"
"1350","103","3264"
"1351","158","1244"
"1352","174","811"
"1353","152","3698"
"1354","94","1696"
"1355","150","161"
"1356","142","2698"
"1357","120","1765"
"1358","110","915"
"1359","129","1785"
"1360","149","1115"
"1361","152","1050"
"1362","62","3760"
"1363","139","2610"
"1364","168","1329"
"1365","88","610"
"1366","6","418"
"1367","173","3724"
"1368","144","343"
"1369","0","2851"
"1370","123","3253"
"1371","71","3774"
"1372","140","1820"
"1373","19","3988"
"1374","42","2761"
"1375","35","3542"
"1376","59","1613"
"1377","86","2002"
"1378","174","1268"
"1379","28","1221"
"1380","71","2451"
"1381","61","66"
"1382","101","542"
"1383","139","3497"
"1384","192","2082"
"1385","174","2127"
"1386","157","2141"
"1387","73","3099"
"1388","160","1490"
"1389","43","1958"
"1390","26","756"
"1391","171","3802"
"1392","177","434"
"1393","33","2468"
"1394","141","98"
"1395","97","3779"
"1396","179","68"
"1397","70","714"
"1398","29","1889"
"1399","145","1763"
"1400","112","641"
"1401","179","2646"
"1402","195","1229"
"1403","164","598"
"1404","107","3035"
"1405","184","2224"
"1406","121","1011"
"1407","130","560"
"1408","153","1852"
"1409","129","1162"
"1410","171","2264"
"1411","173","3068"
"1412","39","3537"
"1413","156","3503"
"1414","16","3205"
"1415","90","3586"
"1416","156","1546"
"1417","92","3795"
"1418","61","3806"
"1419","185","2270"
"1420","32","408"
"1421","195","3821"
"1422","12","620"
"1423","53","1295"
"1424","171","1725"
"1425","29","3309"
"1426","20","493"
"1427","62","509"
"1428","158","2647"
"1429","34","1497"
"1430","142","1343"
"1431","164","1711"
"1432","14","2287"
"1433","112","1785"
"1434","125","1763"
"1435","40","1978"
"1436","74","1865"
"1437","15","1373"
"1438","106","2236"
"1439","199","2239"
"1440","125","900"
"1441","155","1244"
"1442","105","1081"
"1443","70","1164"
"1444","154","2457"
"1445","157","1361"
"1446","87","2682"
"1447","178","1296"
"1448","198","743"
"1449","138","1546"
"1450","89","1459"
"1451","51","961"
"1452","47","2287"
"1453","63","3069"
"1454","104","48"
"1455","5","1060"
"1456","71","1706"
"1457","27","1671"
"1458","3","1503"
"1459","172","658"
"1460","154","2272"
"1461","133","1490"
"1462","181","185"
"1463","134","1981"
"1464","73","2830"
"1465","148","104"
"1466","128","2300"
"1467","156","3251"
"1468","18","1941"
"1469","100","2476"
"1470","174","1632"
"1471","112","3086"
"1472","34","2214"
"1473","65","3163"
"1474","26","1797"
"1475","140","3134"
"1476","139","104"
"1477","181","3644"
"1478","65","2497"
"1479","87","7"
"1480","65","2014"
"1481","113","3451"
"1482","24","2551"
"1483","8","1016"
"1484","119","2965"
"1485","130","187"
"1486","181","242"
"1487","111","3788"
"1488","52","3678"
"1489","87","2557"
"1490","66","1706"
"1491","171","1144"
"1492","187","3873"
"1493","123","3061"
"1494","116","3006"
"1495","44","1549"
"1496","162","151"
"1497","68","1154"
"1498","141","2359"
"1499","143","323"
"1500","160","3750"
"1501","31","3046"
"1502","21","2847"
"1503","191","1794"
"1504","140","3203"
"1505","171","730"
"1506","150","1982"
"1507","128","3808"
"1508","144","2276"
"1509","43","3273"
"1510","163","2235"
"1511","179","1756"
"1512","134","2955"
"1513","119","2634"
"1514","44","120"
"1515","133","1235"
"1516","105","401"
"1517","16","2017"
"1518","25","752"
"1519","105","2633"
"1520","184","1286"
"1521","91","1825"
"1522","167","407"
"1523","171","3802"
"1524","94","1471"
"1525","46","351"
"1526","55","560"
"1527","130","2064"
"1528","96","601"
"1529","64","3024"
"1530","118","3469"
"1531","24","80"
"1532","145","1483"
"1533","37","1537"
"1534","95","2259"
"1535","185","399"
"1536","41","3895"
"1537","193","362"
"1538","189","1495"
"1539","154","3544"
"1540","37","760"
"1541","180","2529"
"1542","105","2476"
"1543","156","1005"
"1544","167","791"
"1545","28","1275"
"1546","61","1751"
"1547","121","3838"
"1548","11","2293"
"1549","120","313"
"1550","83","3414"
"1551","146","2810"
"1552","45","3026"
"1553","172","2049"
"1554","133","3080"
"1555","159","996"
"1556","99","3937"
"1557","84","1904"
"1558","89","731"
"1559","182","598"
"1560","76","700"
"1561","191","425"
"1562","24","1977"
"1563","117","3708"
"1564","37","1930"
"1565","177","3449"
"1566","4","322"
"1567","154","3868"
"1568","70","1005"
"1569","122","1041"
"1570","145","884"
"1571","122","3840"
"1572","100","212"
"1573","198","1595"
"1574","100","3134"
"1575","123","1572"
"1576","46","2567"
"1577","50","3093"
"1578","76","3525"
"1579","128","3174"
"1580","11","2053"
"1581","103","3253"
"1582","18","3880"
"1583","22","1091"
"1584","172","1945"
"1585","103","2885"
"1586","126","542"
"1587","188","2251"
"1588","197","461"
"1589","38","137"
"1590","70","1878"
"1591","145","1980"
"1592","140","843"
"1593","146","3199"
"1594","154","221"
"1595","194","3285"
"1596","53","1355"
"1597","60","3510"
"1598","157","2267"
"1599","155","3300"
"1600","38","98"
"1601","39","475"
"1602","11","184"
"1603","75","2761"
"1604","176","48"
"1605","189","1198"
"1606","41","639"
"1607","172","161"
"1608","23","3744"
"1609","51","3272"
"1610","101","1567"
"1611","33","772"
"1612","197","1759"
"1613","119","3749"
"1614","83","874"
"1615","145","2349"
"1616","191","2758"
"1617","165","1037"
"1618","117","123"
"1619","136","3091"
"1620","18","1528"
"1621","121","1749"
"1622","24","1108"
"1623","4","2265"
"1624","93","2037"
"1625","30","1819"
"1626","176","2744"
"1627","63","1345"
"1628","119","984"
"1629","86","3250"
"1630","180","3714"
"1631","126","1982"
"1632","151","3982"
"1633","84","2835"
"1634","20","3487"
"1635","91","2489"
"1636","199","1649"
"1637","102","3503"
"1638","183","2968"
"1639","82","841"
"1640","42","578"
"1641","3","550"
"1642","104","2313"
"1643","147","3221"
"1644","190","823"
"1645","2","2880"
"1646","58","765"
"1647","163","1000"
"1648","4","1290"
"1649","109","351"
"1650","130","92"
"1651","129","170"
"1652","118","517"
"1653","15","171"
"1654","98","1828"
"1655","94","486"
"1656","125","3830"
"1657","104","2425"
"1658","151","3283"
"1659","196","1397"
"1660","86","2011"
"1661","42","3640"
"1662","20","2473"
"1663","163","2661"
"1664","44","2293"
"1665","199","248"
"1666","86","3904"
"1667","184","890"
"1668","152","3865"
"1669","119","1149"
"1670","118","1115"
"1671","61","2310"
"1672","57","2643"
"1673","61","3859"
"1674","194","1107"
"1675","74","52"
"1676","183","1596"
"1677","134","1222"
"1678","44","1507"
"1679","58","1205"
"1680","66","3377"
"1681","199","3758"
"1682","198","944"
"1683","95","3234"
"1684","155","2379"
"1685","144","2213"
"1686","18","339"
"1687","182","1764"
"1688","159","1919"
"1689","11","1200"
"1690","172","461"
"1691","76","2092"
"1692","85","572"
"1693","53","1189"
"1694","16","1671"
"1695","152","1856"
"1696","15","3022"
"1697","148","225"
"1698","83","1057"
"1699","96","3358"
"1700","58","2339"
"1701","17","1283"
"1702","73","0"
"1703","180","916"
"1704","77","3179"
"1705","189","862"
"1706","151","3418"
"1707","104","3166"
"1708","156","529"
"1709","176","1036"
"1710","4","3830"
"1711","197","781"
"1712","116","3017"
"1713","129","1585"
"1714","33","2327"
"1715","118","2652"
"1716","134","419"
"1717","185","1425"
"1718","146","1453"
"1719","152","461"
"1720","105","985"
"1721","152","3373"
"1722","166","3478"
"1723","120","1439"
"1724","134","1995"
"1725","1","3987"
"1726","139","1114"
"1727","167","3632"
"1728","167","3048"
"1729","123","295"
"1730","77","333"
"1731","140","3524"
"1732","124","554"
"1733","90","1014"
"1734","183","225"
"1735","73","2679"
"1736","0","406"
"1737","193","1726"
"1738","29","1318"
"1739","130","2713"
"1740","76","493"
"1741","4","193"
"1742","106","2339"
"1743","199","252"
"1744","83","2076"
"1745","100","3471"
"1746","98","1546"
"1747","185","1899"
"1748","51","3679"
"1749","45","3910"
"1750","109","1191"
"1751","109","2504"
"1752","1","885"
"1753","118","1856"
"1754","146","3416"
"1755","63","1014"
"1756","170","702"
"1757","157","2054"
"1758","92","2784"
"1759","23","994"
"1760","92","2929"
"1761","98","1508"
"1762","49","3281"
"1763","66","3362"
"1764","6","2088"
"1765","184","69"
"1766","22","1335"
"1767","131","2015"
"1768","17","466"
"1769","166","1822"
"1770","114","3203"
"1771","176","562"
"1772","166","773"
"1773","91","1314"
"1774","73","1290"
"1775","143","811"
"1776","144","955"
"1777","163","2200"
"1778","20","2338"
"1779","50","2543"
"1780","137","2361"
"1781","5","3400"
"1782","57","3996"
"1783","65","3068"
"1784","130","252"
"1785","50","1830"
"1786","51","2755"
"1787","115","3630"
"1788","94","2246"
"1789","198","223"
"1790","11","1458"
"1791","54","834"
"1792","131","2526"
"1793","45","1958"
"1794","97","2124"
"1795","177","1250"
"1796","72","3166"
"1797","96","1602"
"1798","77","1473"
"1799","51","3245"
"1800","88","2637"
"1801","123","1537"
"1802","72","2084"
"1803","100","3035"
"1804","127","2124"
"1805","94","1169"
"1806","184","1190"
"1807","157","1932"
"1808","118","1967"
"1809","57","2878"
"1810","53","12"
"1811","111","3905"
"1812","138","814"
"1813","20","3555"
"1814","163","1093"
"1815","53","1192"
"1816","21","3688"
"1817","199","1843"
"1818","45","2464"
"1819","49","3758"
"1820","63","2163"
"1821","5","615"
"1822","163","447"
"1823","169","312"
"1824","145","1632"
"1825","182","3951"
"1826","89","119"
"1827","79","102"
"1828","170","2713"
"1829","92","2907"
"1830","65","3410"
"1831","185","276"
"1832","106","3330"
"1833","169","600"
"1834","130","3404"
"1835","69","957"
"1836","65","1022"
"1837","104","549"
"1838","113","2994"
"1839","120","253"
"1840","119","2442"
"1841","186","1561"
"1842","84","2820"
"1843","192","1156"
"1844","186","3699"
"1845","59","3449"
"1846","162","3957"
"1847","167","3744"
"1848","128","3355"
"1849","85","1235"
"1850","4","3913"
"1851","40","617"
"1852","166","3855"
"1853","53","3402"
"1854","29","3305"
"1855","97","1018"
"1856","41","2983"
"1857","166","1884"
"1858","17","511"
"1859","65","1864"
"1860","109","3653"
"1861","157","1041"
"1862","135","569"
"1863","157","2706"
"1864","175","3099"
"1865","104","3588"
"1866","199","1479"
"1867","61","711"
"1868","34","2625"
"1869","69","2014"
"1870","80","3969"
"1871","129","3384"
"1872","175","2319"
"1873","186","346"
"1874","96","1583"
"1875","51","2557"
"1876","169","797"
"1877","49","44"
"1878","39","320"
"1879","185","1872"
"1880","15","1383"
"1881","118","1260"
"1882","102","1025"
"1883","89","856"
"1884","175","3155"
"1885","128","3138"
"1886","147","384"
"1887","141","1879"
"1888","160","851"
"1889","189","2907"
"1890","171","1433"
"1891","0","562"
"1892","101","1188"
"1893","107","579"
"1894","17","3068"
"1895","43","1275"
"1896","150","3152"
"1897","136","237"
"1898","24","3719"
"1899","3","881"
"1900","19","3902"
"1901","121","2489"
"1902","26","265"
"1903","169","2470"
"1904","0","1766"
"1905","72","783"
"1906","34","3259"
"1907","109","2945"
"1908","79","3920"
"1909","143","605"
"1910","75","729"
"1911","114","1836"
"1912","35","443"
"1913","150","1357"
"1914","149","19"
"1915","176","2840"
"1916","185","3405"
"1917","106","2370"
"1918","15","654"
"1919","41","2573"
"1920","132","1978"
"1921","190","3041"
"1922","33","1706"
"1923","20","828"
"1924","195","1194"
"1925","145","713"
"1926","102","2266"
"1927","179","1764"
"1928","50","441"
"1929","158","1980"
"1930","103","832"
"1931","82","184"
"1932","177","3414"
"1933","107","1447"
"1934","58","3715"
"1935","75","1047"
"1936","0","358"
"1937","170","2194"
"1938","107","1417"
"1939","27","1375"
"1940","56","2359"
"1941","5","64"
"1942","126","3408"
"1943","17","1764"
"1944","62","2439"
"1945","116","2567"
"1946","124","370"
"1947","67","391"
"1948","107","690"
"1949","8","3334"
"1950","12","104"
"1951","3","3252"
"1952","80","2132"
"1953","130","2458"
"1954","40","2037"
"1955","144","1057"
"1956","182","2414"
"1957","17","156"
"1958","9","1422"
"1959","156","1952"
"1960","119","3989"
"1961","35","1110"
"1962","82","2016"
"1963","126","1295"
"1964","109","1233"
"1965","156","915"
"1966","186","2746"
"1967","12","3233"
"1968","24","3549"
"1969","32","3760"
"1970","30","1016"
"1971","151","1572"
"1972","161","2772"
"1973","41","370"
"1974","138","2819"
"1975","137","2878"
"1976","61","2661"
"1977","32","3866"
"1978","61","3537"
"1979","8","3509"
"1980","25","1679"
"1981","44","657"
"1982","120","901"
"1983","62","740"
"1984","92","1000"
"1985","70","1417"
"1986","11","2511"
"1987","9","3286"
"1988","157","2682"
"1989","34","1453"
"1990","43","1852"
"1991","8","226"
"1992","25","2720"
"1993","192","2469"
"1994","172","157"
"1995","83","557"
"1996","38","1747"
"1997","49","1714"
"1998","58","3672"
"1999","66","3339"
"2000","71","1384"
"2001","132","3363"
"2002","127","3041"
"2003","15","407"
"2004","17","641"
"2005","195","1914"
"2006","57","2835"
"2007","115","1047"
"2008","185","2658"
"2009","96","339"
"2010","159","138"
"2011","1","1219"
"2012","31","2829"
"2013","41","3889"
"2014","190","1540"
"2015","192","1821"
"2016","11","642"
"2017","138","3091"
"2018","55","2694"
"2019","108","2026"
"2020","160","2589"
"2021","76","1983"
"2022","170","1295"
"2023","17","128"
"2024","14","439"
"2025","83","58"
"2026","13","2198"
"2027","79","1280"
"2028","27","1397"
"2029","187","3892"
"2030","104","1813"
"2031","120","2160"
"2032","146","889"
"2033","108","1412"
"2034","122","2132"
"2035","131","3035"
"2036","174","1126"
"2037","196","3603"
"2038","91","1945"
"2039","108","1129"
"2040","61","2658"
"2041","62","1259"
"2042","159","2791"
"2043","77","3244"
"2044","18","607"
"2045","30","1567"
"2046","141","2774"
"2047","168","2075"
"2048","18","510"
"2049","105","943"
"2050","60","1664"
"2051","134","1578"
"2052","188","128"
"2053","142","309"
"2054","68","232"
"2055","186","226"
"2056","71","2821"
"2057","86","802"
"2058","53","3610"
"2059","22","3888"
"2060","25","3647"
"2061","120","75"
"2062","88","2863"
"2063","33","1057"
"2064","137","3567"
"2065","140","3130"
"2066","162","106"
"2067","159","2236"
"2068","91","118"
"2069","52","1403"
"2070","98","926"
"2071","58","930"
"2072","61","3632"
"2073","154","1437"
"2074","149","68"
"2075","3","2646"
"2076","124","959"
"2077","96","2472"
"2078","171","240"
"2079","71","3665"
"2080","195","1821"
"2081","105","1194"
"2082","43","550"
"2083","56","39"
"2084","191","842"
"2085","17","3118"
"2086","38","3205"
"2087","156","2688"
"2088","60","441"
"2089","156","3678"
"2090","6","3504"
"2091","22","537"
"2092","173","2023"
"2093","59","997"
"2094","62","3738"
"2095","41","3449"
"2096","4","1905"
"2097","154","654"
"2098","103","1276"
"2099","136","3910"
"2100","147","3987"
"2101","176","3233"
"2102","188","2061"
"2103","60","3335"
"2104","96","3076"
"2105","9","3810"
"2106","43","1874"
"2107","33","3040"
"2108","43","3044"
"2109","67","224"
"2110","190","2418"
"2111","17","733"
"2112","178","464"
"2113","136","3017"
"2114","184","3603"
"2115","56","555"
"2116","54","1721"
"2117","139","1404"
"2118","45","860"
"2119","151","3227"
"2120","81","1142"
"2121","106","99"
"2122","83","1453"
"2123","91","555"
"2124","136","1879"
"2125","50","1646"
"2126","22","1422"
"2127","148","2555"
"2128","153","1972"
"2129","173","19"
"2130","60","263"
"2131","33","211"
"2132","33","2862"
"2133","76","3871"
"2134","186","2698"
"2135","140","894"
"2136","148","406"
"2137","29","3034"
"2138","130","702"
"2139","191","2199"
"2140","33","1536"
"2141","150","1613"
"2142","121","831"
"2143","187","450"
"2144","91","1099"
"2145","66","1656"
"2146","95","3124"
"2147","23","119"
"2148","90","66"
"2149","188","1445"
"2150","47","2819"
"2151","163","3971"
"2152","181","2420"
"2153","33","48"
"2154","174","1825"
"2155","89","618"
"2156","135","2759"
"2157","180","3999"
"2158","74","1039"
"2159","52","3061"
"2160","35","2954"
"2161","98","3058"
"2162","166","419"
"2163","137","2598"
"2164","109","3920"
"2165","25","2742"
"2166","148","2220"
"2167","104","3356"
"2168","96","3356"
"2169","124","333"
"2170","90","2465"
"2171","72","2832"
"2172","114","3255"
"2173","31","354"
"2174","56","3679"
"2175","71","401"
"2176","59","3373"
"2177","117","3501"
"2178","111","894"
"2179","68","3762"
"2180","65","1643"
"2181","69","1627"
"2182","3","2117"
"2183","179","303"
"2184","170","2183"
"2185","109","3422"
"2186","92","3686"
"2187","135","12"
"2188","150","2741"
"2189","89","1014"
"2190","40","3611"
"2191","135","343"
"2192","187","3788"
"2193","52","3656"
"2194","96","3036"
"2195","86","3086"
"2196","176","2464"
"2197","148","2501"
"2198","42","565"
"2199","27","2545"
"2200","8","1711"
"2201","21","2953"
"2202","105","2330"
"2203","11","2945"
"2204","134","884"
"2205","107","526"
"2206","159","572"
"2207","23","838"
"2208","198","3487"
"2209","47","3157"
"2210","154","2407"
"2211","135","1935"
"2212","106","1613"
"2213","148","2185"
"2214","13","3840"
"2215","180","751"
"2216","1","1185"
"2217","51","3459"
"2218","86","1101"
"2219","58","629"
"2220","195","2736"
"2221","152","1104"
"2222","145","2267"
"2223","36","769"
"2224","49","1283"
"2225","158","767"
"2226","184","2520"
"2227","80","1302"
"2228","175","2262"
"2229","187","3300"
"2230","62","756"
"2231","58","3797"
"2232","140","3268"
"2233","39","2938"
"2234","6","3981"
"2235","21","1152"
"2236","106","2742"
"2237","152","1194"
"2238","119","965"
"2239","99","3305"
"2240","126","56"
"2241","50","1914"
"2242","187","3046"
"2243","81","1287"
"2244","69","174"
"2245","149","1193"
"2246","19","758"
"2247","117","3725"
"2248","73","335"
"2249","65","2088"
"2250","80","2980"
"2251","131","326"
"2252","96","1731"
"2253","49","3588"
"2254","80","918"
"2255","36","3257"
"2256","160","3610"
"2257","172","3906"
"2258","75","551"
"2259","188","107"
"2260","163","1869"
"2261","4","3431"
"2262","108","774"
"2263","71","639"
"2264","60","3454"
"2265","147","1023"
"2266","55","2300"
"2267","116","232"
"2268","171","429"
"2269","144","2713"
"2270","171","690"
"2271","122","2350"
"2272","10","3473"
"2273","8","1852"
"2274","28","3335"
"2275","87","238"
"2276","139","1390"
"2277","151","1307"
"2278","184","3810"
"2279","10","995"
"2280","61","2621"
"2281","88","3031"
"2282","77","2588"
"2283","19","582"
"2284","13","1539"
"2285","82","1449"
"2286","21","1307"
"2287","66","1245"
"2288","151","2088"
"2289","44","514"
"2290","111","2122"
"2291","78","116"
"2292","11","321"
"2293","6","6"
"2294","80","2038"
"2295","155","1485"
"2296","110","3550"
"2297","145","617"
"2298","90","3572"
"2299","28","3505"
"2300","163","3565"
"2301","103","3139"
"2302","129","2771"
"2303","149","1748"
"2304","19","700"
"2305","113","3482"
"2306","193","3155"
"2307","67","1404"
"2308","45","1930"
"2309","45","3828"
"2310","52","3608"
"2311","54","579"
"2312","101","2022"
"2313","151","871"
"2314","32","3301"
"2315","109","3702"
"2316","145","2327"
"2317","36","3385"
"2318","173","1681"
"2319","193","1439"
"2320","169","511"
"2321","22","2834"
"2322","102","2409"
"2323","71","999"
"2324","165","3025"
"2325","85","3477"
"2326","44","3747"
"2327","191","3813"
"2328","80","2614"
"2329","99","3575"
"2330","1","3098"
"2331","157","3010"
"2332","4","3923"
"2333","127","1535"
"2334","67","3341"
"2335","114","2386"
"2336","97","2666"
"2337","90","358"
"2338","188","1952"
"2339","149","56"
"2340","35","3079"
"2341","108","434"
"2342","187","3701"
"2343","122","1871"
"2344","128","803"
"2345","68","921"
"2346","172","1372"
"2347","115","1764"
"2348","54","573"
"2349","147","1730"
"2350","22","1195"
"2351","120","486"
"2352","116","1491"
"2353","128","2276"
"2354","131","3177"
"2355","76","1995"
"2356","171","605"
"2357","30","3704"
"2358","132","517"
"2359","17","885"
"2360","135","1283"
"2361","152","2030"
"2362","160","1646"
"2363","183","1005"
"2364","193","1713"
"2365","102","2357"
"2366","157","1595"
"2367","138","1108"
"2368","48","426"
"2369","6","501"
"2370","128","3437"
"2371","29","844"
"2372","131","881"
"2373","160","1567"
"2374","52","3152"
"2375","190","1661"
"2376","180","108"
"2377","163","1790"
"2378","26","1099"
"2379","134","714"
"2380","85","174"
"2381","151","3577"
"2382","151","3381"
"2383","173","1485"
"2384","157","3276"
"2385","69","464"
"2386","162","2124"
"2387","0","1783"
"2388","93","1100"
"2389","125","2860"
"2390","27","2001"
"2391","156","3006"
"2392","74","2139"
"2393","77","3542"
"2394","2","3086"
"2395","59","2133"
"2396","71","3252"
"2397","33","542"
"2398","172","2258"
"2399","72","733"
"2400","51","2549"
"2401","64","2579"
"2402","71","735"
"2403","41","1390"
"2404","137","1899"
"2405","185","3391"
"2406","143","2706"
"2407","92","1424"
"2408","190","463"
"2409","134","1608"
"2410","79","373"
"2411","107","1048"
"2412","111","1465"
"2413","56","731"
"2414","4","797"
"2415","187","3130"
"2416","84","868"
"2417","126","2122"
"2418","145","1673"
"2419","100","2706"
"2420","58","747"
"2421","142","1537"
"2422","71","1318"
"2423","53","1185"
"2424","122","377"
"2425","25","1963"
"2426","59","3085"
"2427","97","3129"
"2428","107","3328"
"2429","172","232"
"2430","31","1780"
"2431","164","1941"
"2432","9","1911"
"2433","198","2885"
"2434","15","1467"
"2435","14","2720"
"2436","191","3588"
"2437","109","1194"
"2438","32","1990"
"2439","107","756"
"2440","70","2890"
"2441","64","1542"
"2442","39","3375"
"2443","9","570"
"2444","84","179"
"2445","104","1891"
"2446","49","582"
"2447","148","3362"
"2448","30","2712"
"2449","133","3046"
"2450","128","2495"
"2451","7","1185"
"2452","68","3328"
"2453","175","2111"
"2454","161","660"
"2455","143","1646"
"2456","0","729"
"2457","163","3519"
"2458","41","320"
"2459","101","621"
"2460","84","2890"
"2461","181","2468"
"2462","163","3619"
"2463","92","2614"
"2464","147","2644"
"2465","94","1329"
"2466","186","3802"
"2467","34","2379"
"2468","164","841"
"2469","179","23"
"2470","32","2675"
"2471","82","3966"
"2472","34","2644"
"2473","11","3393"
"2474","62","3633"
"2475","39","3999"
"2476","30","3930"
"2477","197","3503"
"2478","58","2269"
"2479","85","1503"
"2480","149","2672"
"2481","83","2493"
"2482","104","2183"
"2483","174","3849"
"2484","189","3125"
"2485","29","2017"
"2486","11","736"
"2487","170","1445"
"2488","114","2075"
"2489","4","2409"
"2490","149","623"
"2491","189","1330"
"2492","76","193"
"2493","17","2286"
"2494","109","1780"
"2495","187","1131"
"2496","77","1087"
"2497","47","2280"
"2498","152","3567"
"2499","127","3838"
"2500","79","2643"
"2501","67","1120"
"2502","18","1250"
"2503","43","1981"
"2504","48","3002"
"2505","64","2465"
"2506","11","2053"
"2507","52","303"
"2508","102","3248"
"2509","42","2133"
"2510","53","1359"
"2511","156","3225"
"2512","94","2746"
"2513","133","407"
"2514","17","3126"
"2515","104","1295"
"2516","138","475"
"2517","101","2541"
"2518","64","2978"
"2519","40","1574"
"2520","121","3647"
"2521","43","238"
"2522","17","1675"
"2523","76","2919"
"2524","95","2976"
"2525","139","2317"
"2526","50","2902"
"2527","95","1402"
"2528","46","389"
"2529","20","263"
"2530","168","2139"
"2531","131","1023"
"2532","178","1542"
"2533","136","1620"
"2534","109","2261"
"2535","86","3681"
"2536","124","1602"
"2537","29","337"
"2538","149","3302"
"2539","112","3851"
"2540","15","885"
"2541","54","1787"
"2542","26","572"
"2543","147","1126"
"2544","154","2590"
"2545","186","3558"
"2546","96","1908"
"2547","19","2880"
"2548","23","3182"
"2549","52","655"
"2550","195","2182"
"2551","151","3441"
"2552","32","3222"
"2553","55","3603"
"2554","54","1149"
"2555","28","56"
"2556","28","3305"
"2557","171","1509"
"2558","61","633"
"2559","42","2630"
"2560","86","3240"
"2561","100","2939"
"2562","143","1192"
"2563","59","2038"
"2564","161","344"
"2565","160","3305"
"2566","80","1859"
"2567","106","2860"
"2568","137","557"
"2569","61","2569"
"2570","116","2145"
"2571","14","2693"
"2572","173","2425"
"2573","115","2953"
"2574","156","0"
"2575","50","1914"
"2576","113","2235"
"2577","89","394"
"2578","31","3788"
"2579","129","1905"
"2580","97","813"
"2581","21","198"
"2582","65","542"
"2583","23","1023"
"2584","153","1759"
"2585","85","1813"
"2586","118","2321"
"2587","20","19"
"2588","117","1632"
"2589","23","568"
"2590","3","3869"
"2591","159","1398"
"2592","48","2916"
"2593","95","1935"
"2594","11","695"
"2595","196","2418"
"2596","136","2763"
"2597","39","2259"
"2598","179","2240"
"2599","132","3738"
"2600","190","1554"
"2601","65","3072"
"2602","163","178"
"2603","107","3255"
"2604","64","32"
"2605","175","1278"
"2606","192","3352"
"2607","51","1540"
"2608","53","1413"
"2609","184","2992"
"2610","129","3577"
"2611","16","1661"
"2612","171","2621"
"2613","46","3385"
"2614","198","1075"
"2615","56","701"
"2616","116","1832"
"2617","55","2620"
"2618","54","2733"
"2619","179","780"
"2620","44","1078"
"2621","57","1613"
"2622","173","2467"
"2623","94","98"
"2624","23","1747"
"2625","145","2443"
"2626","31","2726"
"2627","102","733"
"2628","79","2319"
"2629","99","193"
"2630","160","3910"
"2631","131","3221"
"2632","91","1733"
"2633","185","1328"
"2634","115","14"
"2635","160","1783"
"2636","122","3786"
"2637","98","1192"
"2638","168","1613"
"2639","35","2181"
"2640","133","434"
"2641","65","1582"
"2642","93","3802"
"2643","7","3513"
"2644","167","2643"
"2645","183","574"
"2646","192","1905"
"2647","135","1195"
"2648","29","197"
"2649","147","1189"
"2650","104","2598"
"2651","198","2799"
"2652","112","2829"
"2653","32","1905"
"2654","188","60"
"2655","145","1979"
"2656","177","774"
"2657","108","1889"
"2658","75","343"
"2659","44","2697"
"2660","134","2241"
"2661","156","1904"
"2662","49","1601"
"2663","172","1588"
"2664","6","1963"
"2665","156","3338"
"2666","46","1821"
"2667","114","1864"
"2668","61","688"
"2669","140","1578"
"2670","107","2979"
"2671","130","2553"
"2672","37","1035"
"2673","38","1764"
"2674","191","1840"
"2675","176","1855"
"2676","70","1727"
"2677","135","3170"
"2678","151","1076"
"2679","184","3328"
"2680","43","2317"
"2681","185","885"
"2682","63","3515"
"2683","1","2639"
"2684","132","1233"
"2685","20","3503"
"2686","34","2591"
"2687","34","886"
"2688","147","2936"
"2689","116","1812"
"2690","185","709"
"2691","115","2451"
"2692","130","1056"
"2693","85","655"
"2694","83","2752"
"2695","124","1830"
"2696","121","563"
"2697","175","1360"
"2698","85","695"
"2699","175","3031"
"2700","128","2001"
"2701","61","2401"
"2702","194","860"
"2703","192","1101"
"2704","88","3752"
"2705","111","1454"
"2706","198","1355"
"2707","150","509"
"2708","193","1437"
"2709","28","352"
"2710","62","1940"
"2711","10","3678"
"2712","197","2304"
"2713","34","1988"
"2714","34","3619"
"2715","65","23"
"2716","184","2296"
"2717","21","1108"
"2718","191","331"
"2719","158","73"
"2720","119","3544"
"2721","146","1554"
"2722","143","113"
"2723","107","3138"
"2724","144","2016"
"2725","128","187"
"2726","31","3749"
"2727","30","1661"
"2728","145","2925"
"2729","0","3542"
"2730","148","137"
"2731","63","182"
"2732","183","1822"
"2733","172","3699"
"2734","118","3991"
"2735","2","2211"
"2736","34","464"
"2737","184","2601"
"2738","118","1061"
"2739","22","1057"
"2740","196","762"
"2741","132","597"
"2742","51","3623"
"2743","172","1330"
"2744","165","1041"
"2745","75","3725"
"2746","111","236"
"2747","54","1465"
"2748","131","3562"
"2749","134","2348"
"2750","148","1398"
"2751","181","1834"
"2752","189","3722"
"2753","5","1422"
"2754","147","1612"
"2755","20","198"
"2756","145","3913"
"2757","12","2672"
"2758","83","1489"
"2759","123","3851"
"2760","154","3613"
"2761","94","1498"
"2762","169","2494"
"2763","109","313"
"2764","161","704"
"2765","23","1706"
"2766","167","426"
"2767","146","1165"
"2768","88","3777"
"2769","159","238"
"2770","160","3835"
"2771","118","2120"
"2772","127","2980"
"2773","56","366"
"2774","110","3696"
"2775","154","1003"
"2776","141","172"
"2777","15","354"
"2778","80","2330"
"2779","164","321"
"2780","20","1498"
"2781","125","3118"
"2782","166","449"
"2783","54","1221"
"2784","13","3678"
"2785","122","662"
"2786","17","1127"
"2787","133","3125"
"2788","44","1373"
"2789","27","335"
"2790","150","1810"
"2791","89","2990"
"2792","109","335"
"2793","9","2259"
"2794","184","1561"
"2795","153","3982"
"2796","172","896"
"2797","159","2373"
"2798","181","998"
"2799","59","232"
"2800","89","3400"
"2801","92","399"
"2802","130","1037"
"2803","132","1785"
"2804","138","2468"
"2805","167","3945"
"2806","153","2394"
"2807","135","3642"
"2808","11","2238"
"2809","129","3213"
"2810","1","1685"
"2811","143","235"
"2812","24","3092"
"2813","100","2770"
"2814","141","323"
"2815","165","605"
"2816","142","1991"
"2817","46","156"
"2818","96","2744"
"2819","149","2246"
"2820","43","2401"
"2821","159","1175"
"2822","83","2871"
"2823","144","3921"
"2824","85","2832"
"2825","3","1904"
"2826","3","791"
"2827","39","2473"
"2828","198","1808"
"2829","65","2439"
"2830","154","1047"
"2831","142","335"
"2832","48","1039"
"2833","106","3560"
"2834","65","3603"
"2835","114","3496"
"2836","167","1945"
"2837","194","171"
"2838","144","2515"
"2839","125","3584"
"2840","148","1850"
"2841","186","2264"
"2842","162","3686"
"2843","48","71"
"2844","27","3750"
"2845","22","3501"
"2846","157","928"
"2847","36","3595"
"2848","119","2916"
"2849","135","1764"
"2850","14","748"
"2851","178","2104"
"2852","85","3982"
"2853","56","2418"
"2854","88","859"
"2855","141","560"
"2856","180","1595"
"2857","54","3558"
"2858","139","923"
"2859","45","2774"
"2860","77","1320"
"2861","20","2703"
"2862","169","3309"
"2863","198","2783"
"2864","1","1742"
"2865","4","272"
"2866","154","3509"
"2867","51","2980"
"2868","39","1810"
"2869","177","1077"
"2870","71","1481"
"2871","141","677"
"2872","161","3583"
"2873","120","3437"
"2874","51","3920"
"2875","81","1019"
"2876","178","773"
"2877","87","3913"
"2878","75","2116"
"2879","94","937"
"2880","58","1426"
"2881","158","843"
"2882","69","1041"
"2883","64","2639"
"2884","163","2470"
"2885","34","2614"
"2886","152","2867"
"2887","2","1202"
"2888","179","1302"
"2889","134","2011"
"2890","21","829"
"2891","80","3849"
"2892","46","169"
"2893","183","3233"
"2894","44","106"
"2895","140","2600"
"2896","189","2948"
"2897","9","3815"
"2898","127","2455"
"2899","125","1808"
"2900","155","1601"
"2901","46","3405"
"2902","61","1000"
"2903","92","325"
"2904","96","2312"
"2905","182","2612"
"2906","131","1361"
"2907","180","2723"
"2908","183","1095"
"2909","32","3688"
"2910","17","3125"
"2911","0","3136"
"2912","22","2166"
"2913","26","1499"
"2914","115","2029"
"2915","8","978"
"2916","31","1022"
"2917","57","3440"
"2918","52","0"
"2919","119","3904"
"2920","152","2306"
"2921","141","2979"
"2922","45","3454"
"2923","115","123"
"2924","42","2099"
"2925","56","1472"
"2926","144","3"
"2927","24","3009"
"2928","32","3863"
"2929","109","12"
"2930","15","321"
"2931","118","1127"
"2932","1","2927"
"2933","153","2950"
"2934","82","1752"
"2935","151","1777"
"2936","102","2127"
"2937","23","3059"
"2938","65","2470"
"2939","61","2127"
"2940","180","3126"
"2941","131","2537"
"2942","56","2796"
"2943","130","2127"
"2944","121","1154"
"2945","12","3259"
"2946","62","3549"
"2947","94","109"
"2948","70","2765"
"2949","100","1498"
"2950","26","1979"
"2951","40","60"
"2952","87","3124"
"2953","75","3839"
"2954","136","1497"
"2955","167","3933"
"2956","121","1836"
"2957","173","2770"
"2958","165","3977"
"2959","70","1810"
"2960","134","3969"
"2961","40","1499"
"2962","98","2409"
"2963","84","344"
"2964","166","2655"
"2965","9","3774"
"2966","175","1199"
"2967","13","3373"
"2968","4","1561"
"2969","159","787"
"2970","46","2921"
"2971","123","2306"
"2972","192","3948"
"2973","104","1883"
"2974","133","1020"
"2975","118","75"
"2976","118","49"
"2977","198","688"
"2978","81","132"
"2979","15","2759"
"2980","119","2501"
"2981","84","748"
"2982","27","1025"
"2983","24","438"
"2984","161","1808"
"2985","116","1398"
"2986","76","3449"
"2987","64","1583"
"2988","94","601"
"2989","4","3081"
"2990","187","569"
"2991","181","2493"
"2992","46","1030"
"2993","47","3424"
"2994","28","3513"
"2995","56","476"
"2996","115","3623"
"2997","122","889"
"2998","155","1364"
"2999","164","2555"
"3000","129","2693"
"3001","87","1359"
"3002","167","923"
"3003","148","1429"
"3004","171","574"
"3005","39","2303"
"3006","64","2026"
"3007","100","2003"
"3008","78","2078"
"3009","45","871"
"3010","53","109"
"3011","129","1062"
"3012","130","2293"
"3013","177","1283"
"3014","197","1546"
"3015","129","3995"
"3016","144","3801"
"3017","68","3689"
"3018","57","373"
"3019","43","1278"
"3020","63","1154"
"3021","77","1445"
"3022","49","3478"
"3023","187","525"
"3024","61","897"
"3025","51","3693"
"3026","113","2088"
"3027","80","3175"
"3028","129","1813"
"3029","165","1964"
"3030","5","1275"
"3031","185","2843"
"3032","182","2556"
"3033","106","2693"
"3034","83","887"
"3035","111","3414"
"3036","143","197"
"3037","151","3595"
"3038","4","3840"
"3039","65","3477"
"3040","133","343"
"3041","179","689"
"3042","167","1467"
"3043","101","2399"
"3044","176","1888"
"3045","45","722"
"3046","185","3034"
"3047","162","3292"
"3048","177","2159"
"3049","97","2458"
"3050","45","321"
"3051","25","965"
"3052","183","3987"
"3053","160","1491"
"3054","177","313"
"3055","180","3091"
"3056","197","422"
"3057","52","268"
"3058","103","1995"
"3059","65","2566"
"3060","173","1812"
"3061","163","1608"
"3062","147","2409"
"3063","175","3855"
"3064","132","1467"
"3065","140","1945"
"3066","186","1347"
"3067","187","2717"
"3068","135","1668"
"3069","58","3204"
"3070","87","1832"
"3071","163","2922"
"3072","35","3525"
"3073","18","3902"
"3074","134","430"
"3075","178","2252"
"3076","90","1974"
"3077","85","1355"
"3078","101","704"
"3079","21","3047"
"3080","23","3374"
"3081","189","1636"
"3082","176","2862"
"3083","67","834"
"3084","158","1200"
"3085","178","2048"
"3086","41","542"
"3087","98","3200"
"3088","108","2701"
"3089","41","3717"
"3090","189","508"
"3091","109","3892"
"3092","148","12"
"3093","160","1292"
"3094","185","3567"
"3095","150","3461"
"3096","53","1489"
"3097","155","525"
"3098","125","2412"
"3099","59","2087"
"3100","90","3665"
"3101","170","1731"
"3102","12","3163"
"3103","29","907"
"3104","178","75"
"3105","105","3857"
"3106","51","1667"
"3107","58","2665"
"3108","2","406"
"3109","195","3902"
"3110","79","447"
"3111","129","1834"
"3112","171","654"
"3113","68","2213"
"3114","191","3079"
"3115","95","458"
"3116","166","2373"
"3117","78","1864"
"3118","82","23"
"3119","25","2682"
"3120","14","2124"
"3121","160","1637"
"3122","101","1098"
"3123","146","212"
"3124","66","48"
"3125","138","3225"
"3126","143","2104"
"3127","47","2929"
"3128","117","166"
"3129","31","574"
"3130","98","1113"
"3131","47","1098"
"3132","166","3473"
"3133","156","2443"
"3134","165","2823"
"3135","177","3297"
"3136","146","1307"
"3137","36","1219"
"3138","143","1154"
"3139","102","352"
"3140","144","438"
"3141","26","3769"
"3142","90","3591"
"3143","171","2955"
"3144","137","3334"
"3145","144","31"
"3146","119","1219"
"3147","121","2162"
"3148","187","1417"
"3149","6","1646"
"3150","167","3225"
"3151","74","838"
"3152","194","3704"
"3153","131","1060"
"3154","1","1233"
"3155","122","2553"
"3156","100","2306"
"3157","29","1430"
"3158","12","2675"
"3159","132","2688"
"3160","40","3301"
"3161","168","542"
"3162","187","768"
"3163","152","2213"
"3164","76","508"
"3165","162","2030"
"3166","11","3266"
"3167","45","1828"
"3168","10","3937"
"3169","122","3727"
"3170","50","3151"
"3171","53","1878"
"3172","111","1827"
"3173","81","878"
"3174","78","2005"
"3175","113","3983"
"3176","150","429"
"3177","189","3368"
"3178","133","2214"
"3179","150","2752"
"3180","106","2720"
"3181","198","3963"
"3182","144","3806"
"3183","186","2543"
"3184","144","2023"
"3185","27","377"
"3186","39","2586"
"3187","143","2128"
"3188","31","996"
"3189","188","1956"
"3190","81","1734"
"3191","117","1222"
"3192","118","919"
"3193","20","3072"
"3194","114","2851"
"3195","199","408"
"3196","158","3166"
"3197","171","2277"
"3198","62","2088"
"3199","123","2804"
"3200","127","1193"
"3201","70","2122"
"3202","152","958"
"3203","21","2921"
"3204","83","3970"
"3205","110","3641"
"3206","49","1974"
"3207","147","352"
"3208","25","2831"
"3209","153","2339"
"3210","53","3772"
"3211","36","750"
"3212","146","2199"
"3213","164","3542"
"3214","6","1476"
"3215","71","3869"
"3216","97","2772"
"3217","189","3298"
"3218","175","1075"
"3219","147","1581"
"3220","62","2970"
"3221","174","635"
"3222","180","2464"
"3223","190","3531"
"3224","133","303"
"3225","151","1366"
"3226","104","1572"
"3227","122","3569"
"3228","0","1152"
"3229","159","2488"
"3230","89","1702"
"3231","42","1023"
"3232","38","957"
"3233","20","1423"
"3234","185","2469"
"3235","97","511"
"3236","14","3173"
"3237","134","3752"
"3238","175","1888"
"3239","194","3205"
"3240","10","1593"
"3241","14","1047"
"3242","195","1281"
"3243","59","475"
"3244","18","3839"
"3245","96","2639"
"3246","121","617"
"3247","31","1969"
"3248","107","2276"
"3249","83","1092"
"3250","74","623"
"3251","147","39"
"3252","101","1656"
"3253","104","3760"
"3254","162","3534"
"3255","135","3531"
"3256","64","2500"
"3257","191","3036"
"3258","101","2319"
"3259","18","213"
"3260","44","3945"
"3261","53","2503"
"3262","103","928"
"3263","18","3656"
"3264","179","3268"
"3265","69","688"
"3266","31","2218"
"3267","99","655"
"3268","173","14"
"3269","55","762"
"3270","189","339"
"3271","155","43"
"3272","167","2314"
"3273","199","3725"
"3274","82","443"
"3275","126","3642"
"3276","14","3477"
"3277","38","3250"
"3278","168","2680"
"3279","143","2241"
"3280","38","3734"
"3281","47","373"
"3282","39","1699"
"3283","87","2350"
"3284","111","1425"
"3285","98","3086"
"3286","5","3003"
"3287","101","3469"
"3288","104","2077"
"3289","184","123"
"3290","124","3681"
"3291","174","2127"
"3292","109","3047"
"3293","113","3449"
"3294","124","873"
"3295","70","1907"
"3296","17","2349"
"3297","130","1867"
"3298","60","1489"
"3299","29","221"
"3300","142","2866"
"3301","113","3731"
"3302","174","2371"
"3303","161","359"
"3304","184","2790"
"3305","186","1574"
"3306","194","1940"
"3307","191","3009"
"3308","3","2192"
"3309","47","1064"
"3310","83","2076"
"3311","120","711"
"3312","159","2511"
"3313","127","1952"
"3314","25","1509"
"3315","3","1982"
"3316","156","2799"
"3317","54","441"
"3318","106","1737"
"3319","52","1731"
"3320","169","180"
"3321","8","2019"
"3322","99","919"
"3323","93","2568"
"3324","10","158"
"3325","6","2890"
"3326","90","3904"
"3327","97","2108"
"3328","143","3486"
"3329","11","453"
"3330","79","984"
"3331","3","2610"
"3332","188","1765"
"3333","145","3309"
"3334","5","3795"
"3335","89","1057"
"3336","58","1056"
"3337","121","955"
"3338","40","2993"
"3339","124","1175"
"3340","133","890"
"3341","134","2565"
"3342","95","1296"
"3343","171","1523"
"3344","140","3467"
"3345","72","3132"
"3346","14","1666"
"3347","89","2312"
"3348","43","1422"
"3349","85","3523"
"3350","145","429"
"3351","185","1457"
"3352","14","3771"
"3353","57","1196"
"3354","45","3005"
"3355","182","3699"
"3356","36","1024"
"3357","46","303"
"3358","185","776"
"3359","111","3732"
"3360","73","3021"
"3361","21","1138"
"3362","69","1574"
"3363","46","2159"
"3364","128","3173"
"3365","70","1925"
"3366","161","2306"
"3367","44","44"
"3368","22","1640"
"3369","87","12"
"3370","5","773"
"3371","150","1545"
"3372","15","3"
"3373","85","2961"
"3374","44","3784"
"3375","115","3626"
"3376","45","178"
"3377","151","3128"
"3378","58","2794"
"3379","33","1093"
"3380","24","1437"
"3381","161","3295"
"3382","105","1977"
"3383","64","1752"
"3384","150","522"
"3385","81","801"
"3386","17","2190"
"3387","166","80"
"3388","48","1191"
"3389","151","1156"
"3390","27","1219"
"3391","56","2954"
"3392","23","565"
"3393","167","1489"
"3394","31","1413"
"3395","151","2921"
"3396","13","1302"
"3397","19","1000"
"3398","45","2643"
"3399","84","2414"
"3400","168","301"
"3401","86","1110"
"3402","167","2769"
"3403","187","1859"
"3404","52","2745"
"3405","54","938"
"3406","53","517"
"3407","167","671"
"3408","17","3863"
"3409","184","928"
"3410","9","2726"
"3411","142","3502"
"3412","141","3461"
"3413","110","2295"
"3414","52","1126"
"3415","28","2663"
"3416","122","3085"
"3417","46","263"
"3418","118","1749"
"3419","134","1817"
"3420","109","2804"
"3421","84","268"
"3422","28","2026"
"3423","102","33"
"3424","107","3541"
"3425","58","1396"
"3426","153","1722"
"3427","24","2955"
"3428","191","328"
"3429","39","2436"
"3430","191","3558"
"3431","28","592"
"3432","77","2984"
"3433","103","557"
"3434","154","2809"
"3435","128","1183"
"3436","189","3355"
"3437","172","3749"
"3438","6","1684"
"3439","196","1719"
"3440","186","1883"
"3441","136","2490"
"3442","176","2288"
"3443","4","568"
"3444","62","3478"
"3445","154","2921"
"3446","195","1069"
"3447","61","2230"
"3448","119","2013"
"3449","151","1343"
"3450","121","213"
"3451","146","3535"
"3452","26","886"
"3453","77","3633"
"3454","140","2046"
"3455","188","3435"
"3456","136","1355"
"3457","88","3136"
"3458","178","493"
"3459","117","2706"
"3460","38","1048"
"3461","90","3632"
"3462","48","1479"
"3463","29","3472"
"3464","94","2565"
"3465","125","3255"
"3466","174","1713"
"3467","153","2794"
"3468","175","3672"
"3469","151","3734"
"3470","16","508"
"3471","31","1947"
"3472","29","2302"
"3473","93","1889"
"3474","173","1830"
"3475","127","1630"
"3476","27","2344"
"3477","40","2733"
"3478","106","617"
"3479","107","3208"
"3480","90","1919"
"3481","92","2990"
"3482","41","1935"
"3483","168","2633"
"3484","103","1120"
"3485","133","2553"
"3486","66","3326"
"3487","179","859"
"3488","15","3113"
"3489","196","2122"
"3490","107","1780"
"3491","119","1129"
"3492","120","3277"
"3493","148","711"
"3494","191","3100"
"3495","91","276"
"3496","189","1770"
"3497","91","3326"
"3498","79","3766"
"3499","0","3437"
"3500","46","2540"
"3501","87","3222"
"3502","110","922"
"3503","83","1702"
"3504","148","1838"
"3505","36","511"
"3506","103","476"
"3507","45","1395"
"3508","92","1120"
"3509","6","1535"
"3510","92","2218"
"3511","130","212"
"3512","19","2619"
"3513","167","33"
"3514","127","1114"
"3515","31","2261"
"3516","71","3632"
"3517","138","3724"
"3518","36","1361"
"3519","34","1138"
"3520","57","2501"
"3521","91","1652"
"3522","144","1986"
"3523","169","3410"
"3524","194","409"
"3525","141","597"
"3526","31","508"
"3527","67","3710"
"3528","33","2965"
"3529","24","1440"
"3530","62","2029"
"3531","149","3866"
"3532","184","885"
"3533","90","1287"
"3534","97","3036"
"3535","162","3273"
"3536","86","3995"
"3537","110","3524"
"3538","193","2647"
"3539","116","1383"
"3540","162","1836"
"3541","25","3408"
"3542","47","570"
"3543","23","3147"
"3544","120","3725"
"3545","99","2988"
"3546","67","3775"
"3547","112","3404"
"3548","8","1314"
"3549","132","736"
"3550","23","2080"
"3551","68","86"
"3552","116","355"
"3553","10","1797"
"3554","54","3044"
"3555","194","418"
"3556","47","542"
"3557","161","1897"
"3558","34","86"
"3559","167","3550"
"3560","93","3786"
"3561","102","1601"
"3562","139","1098"
"3563","0","635"
"3564","83","2484"
"3565","196","1458"
"3566","117","3384"
"3567","25","2810"
"3568","165","3817"
"3569","60","3646"
"3570","171","1487"
"3571","127","907"
"3572","179","1247"
"3573","66","241"
"3574","106","3477"
"3575","19","3477"
"3576","76","3804"
"3577","135","889"
"3578","19","2614"
"3579","136","1024"
"3580","140","2269"
"3581","20","1208"
"3582","187","1953"
"3583","53","3363"
"3584","140","23"
"3585","189","3026"
"3586","130","1049"
"3587","30","2261"
"3588","160","3485"
"3589","77","3433"
"3590","147","3777"
"3591","21","3234"
"3592","127","447"
"3593","36","3686"
"3594","186","1647"
"3595","40","33"
"3596","29","2612"
"3597","56","453"
"3598","79","3653"
"3599","150","472"
"3600","155","3719"
"3601","24","1115"
"3602","82","3692"
"3603","94","301"
"3604","191","2639"
"3605","78","1841"
"3606","149","1893"
"3607","143","3633"
"3608","181","3963"
"3609","166","1308"
"3610","168","1808"
"3611","87","169"
"3612","183","3695"
"3613","21","3904"
"3614","90","1371"
"3615","120","563"
"3616","66","3572"
"3617","146","3387"
"3618","170","619"
"3619","16","3068"
"3620","197","2659"
"3621","192","2360"
"3622","198","2955"
"3623","168","3530"
"3624","34","1949"
"3625","133","3292"
"3626","101","3610"
"3627","185","3054"
"3628","183","1528"
"3629","73","3234"
"3630","38","1497"
"3631","85","557"
"3632","177","2079"
"3633","32","3494"
"3634","69","3138"
"3635","123","3588"
"3636","167","3430"
"3637","103","171"
"3638","13","1333"
"3639","122","1062"
"3640","146","389"
"3641","109","197"
"3642","62","3124"
"3643","83","1022"
"3644","20","3704"
"3645","106","237"
"3646","101","178"
"3647","8","2246"
"3648","111","2601"
"3649","161","2427"
"3650","48","27"
"3651","8","7"
"3652","92","3433"
"3653","38","1859"
"3654","98","3524"
"3655","67","1449"
"3656","169","2831"
"3657","196","1467"
"3658","11","313"
"3659","191","1929"
"3660","111","3703"
"3661","195","3076"
"3662","186","3843"
"3663","18","3435"
"3664","151","2111"
"3665","192","2241"
"3666","23","916"
"3667","162","303"
"3668","122","2386"
"3669","79","2494"
"3670","69","1499"
"3671","198","2715"
"3672","132","2805"
"3673","34","2120"
"3674","164","2637"
"3675","92","48"
"3676","36","3549"
"3677","187","513"
"3678","151","1437"
"3679","188","1035"
"3680","95","508"
"3681","62","2199"
"3682","100","2361"
"3683","194","811"
"3684","195","3402"
"3685","41","3991"
"3686","72","1030"
"3687","133","3494"
"3688","52","1335"
"3689","44","38"
"3690","102","2314"
"3691","36","3619"
"3692","166","1445"
"3693","64","1372"
"3694","155","1385"
"3695","152","1099"
"3696","52","1440"
"3697","11","44"
"3698","41","3991"
"3699","191","1993"
"3700","189","3164"
"3701","72","3146"
"3702","124","3283"
"3703","62","1199"
"3704","190","3234"
"3705","46","3114"
"3706","122","2132"
"3707","156","1667"
"3708","158","2862"
"3709","145","1859"
"3710","3","1371"
"3711","171","1883"
"3712","131","1185"
"3713","175","2727"
"3714","150","1509"
"3715","88","3687"
"3716","61","2866"
"3717","44","886"
"3718","85","2744"
"3719","95","3160"
"3720","171","3706"
"3721","73","1980"
"3722","54","1885"
"3723","149","1870"
"3724","106","3736"
"3725","161","3358"
"3726","74","2737"
"3727","127","2688"
"3728","114","1615"
"3729","167","773"
"3730","157","3919"
"3731","142","3675"
"3732","111","1371"
"3733","60","60"
"3734","94","2218"
"3735","25","658"
"3736","197","573"
"3737","116","3061"
"3738","130","634"
"3739","127","3952"
"3740","32","3795"
"3741","171","2796"
"3742","156","842"
"3743","63","33"
"3744","168","1540"
"3745","34","3717"
"3746","9","3619"
"3747","195","2363"
"3748","6","1291"
"3749","185","1788"
"3750","81","3375"
"3751","120","420"
"3752","30","701"
"3753","55","1194"
"3754","55","2556"
"3755","3","184"
"3756","108","2344"
"3757","65","3253"
"3758","50","438"
"3759","142","161"
"3760","86","2274"
"3761","185","1131"
"3762","145","3022"
"3763","18","3261"
"3764","172","1588"
"3765","39","501"
"3766","9","3093"
"3767","170","1896"
"3768","189","2589"
"3769","24","3878"
"3770","64","764"
"3771","39","1568"
"3772","155","2443"
"3773","54","1371"
"3774","181","3273"
"3775","162","549"
"3776","75","1812"
"3777","90","3866"
"3778","181","3262"
"3779","43","821"
"3780","180","341"
"3781","63","1540"
"3782","195","2979"
"3783","11","2736"
"3784","178","3128"
"3785","4","1899"
"3786","34","3771"
"3787","63","1706"
"3788","103","1461"
"3789","82","791"
"3790","70","3022"
"3791","193","2206"
"3792","169","1412"
"3793","62","1141"
"3794","36","2587"
"3795","172","2737"
"3796","170","1503"
"3797","53","2198"
"3798","10","2363"
"3799","169","1572"
"3800","102","95"
"3801","199","1054"
"3802","13","2630"
"3803","110","2868"
"3804","60","3201"
"3805","194","3179"
"3806","72","2104"
"3807","87","966"
"3808","158","1395"
"3809","140","3173"
"3810","80","237"
"3811","40","1185"
"3812","68","3708"
"3813","116","335"
"3814","32","2571"
"3815","75","3693"
"3816","110","3558"
"3817","99","3515"
"3818","74","2804"
"3819","89","3471"
"3820","35","2162"
"3821","103","288"
"3822","57","524"
"3823","188","936"
"3824","36","1138"
"3825","149","2677"
"3826","186","3402"
"3827","183","585"
"3828","139","3830"
"3829","153","1503"
"3830","106","2616"
"3831","78","1039"
"3832","127","3987"
"3833","83","3714"
"3834","129","3920"
"3835","162","2240"
"3836","166","2267"
"3837","15","289"
"3838","10","3588"
"3839","101","965"
"3840","93","2661"
"3841","53","2589"
"3842","90","2549"
"3843","65","351"
"3844","185","713"
"3845","44","1563"
"3846","38","1007"
"3847","91","2631"
"3848","40","661"
"3849","180","1047"
"3850","39","1617"
"3851","85","842"
"3852","88","1219"
"3853","121","1402"
"3854","69","3009"
"3855","99","1748"
"3856","20","3720"
"3857","169","1509"
"3858","20","794"
"3859","164","3060"
"3860","141","2384"
"3861","164","3905"
"3862","30","3855"
"3863","20","736"
"3864","194","1820"
"3865","186","2694"
"3866","63","1540"
"3867","156","844"
"3868","138","3976"
"3869","54","1345"
"3870","150","3830"
"3871","165","2943"
"3872","19","1664"
"3873","133","1615"
"3874","113","439"
"3875","182","391"
"3876","113","3329"
"3877","34","3173"
"3878","180","3717"
"3879","113","2943"
"3880","43","2851"
"3881","78","2657"
"3882","129","1720"
"3883","19","856"
"3884","124","3080"
"3885","164","958"
"3886","12","2401"
"3887","149","295"
"3888","50","3203"
"3889","147","2275"
"3890","25","3665"
"3891","89","1535"
"3892","51","3868"
"3893","125","1875"
"3894","29","1064"
"3895","17","2443"
"3896","100","3608"
"3897","156","6"
"3898","98","3857"
"3899","121","899"
"3900","90","69"
"3901","105","941"
"3902","111","353"
"3903","44","166"
"3904","116","955"
"3905","67","1568"
"3906","104","2590"
"3907","113","3745"
"3908","44","3969"
"3909","161","1217"
"3910","48","3297"
"3911","186","2386"
"3912","72","3132"
"3913","113","1998"
"3914","184","138"
"3915","186","312"
"3916","84","821"
"3917","156","2380"
"3918","106","1911"
"3919","132","1872"
"3920","129","3544"
"3921","148","211"
"3922","7","1275"
"3923","15","1094"
"3924","16","1546"
"3925","15","2993"
"3926","66","113"
"3927","50","2936"
"3928","41","3494"
"3929","3","511"
"3930","93","3128"
"3931","115","442"
"3932","9","1424"
"3933","109","1993"
"3934","77","942"
"3935","45","550"
"3936","134","2639"
"3937","154","3435"
"3938","60","226"
"3939","127","2330"
"3940","144","717"
"3941","164","84"
"3942","18","1546"
"3943","58","2790"
"3944","128","1797"
"3945","188","3878"
"3946","132","236"
"3947","123","3169"
"3948","147","634"
"3949","103","3050"
"3950","1","1627"
"3951","98","2156"
"3952","39","196"
"3953","31","52"
"3954","183","2353"
"3955","25","1193"
"3956","49","938"
"3957","50","2880"
"3958","128","2985"
"3959","76","1865"
"3960","172","272"
"3961","196","1328"
"3962","120","2796"
"3963","155","577"
"3964","125","1742"
"3965","136","2366"
"3966","68","2666"
"3967","11","777"
"3968","61","657"
"3969","58","2965"
"3970","117","656"
"3971","129","1790"
"3972","113","3072"
"3973","120","1727"
"3974","6","295"
"3975","98","1647"
"3976","17","977"
"3977","152","1189"
"3978","177","2295"
"3979","70","334"
"3980","130","3395"
"3981","126","1048"
"3982","107","3373"
"3983","177","3834"
"3984","162","2222"
"3985","39","3725"
"3986","171","2090"
"3987","102","1076"
"3988","32","3132"
"3989","156","1704"
"3990","163","351"
"3991","114","1428"
"3992","51","3257"
"3993","184","469"
"3994","62","2472"
"3995","7","945"
"3996","164","1077"
"3997","123","2360"
"3998","130","1173"
"3999","59","2955"
"4000","123","89"
"4001","61","3472"
"4002","52","2891"
"4003","59","557"
"4004","96","3719"
"4005","138","618"
"4006","62","3332"
"4007","13","3572"
"4008","147","3402"
"4009","147","3970"
"4010","128","3126"
"4011","106","3054"
"4012","20","1039"
"4013","87","366"
"4014","197","728"
"4015","170","2418"
"4016","158","3433"
"4017","74","2294"
"4018","22","2742"
"4019","134","3640"
"4020","134","2526"
"4021","175","3100"
"4022","179","3561"
"4023","131","1867"
"4024","54","3952"
"4025","147","1867"
"4026","6","958"
"4027","120","1741"
"4028","4","2633"
"4029","52","3377"
"4030","47","1528"
"4031","152","300"
"4032","146","2715"
"4033","17","407"
"4034","136","1355"
"4035","29","2810"
"4036","172","3478"
"4037","75","1018"
"4038","63","1923"
"4039","13","2576"
"4040","191","3734"
"4041","173","3544"
"4042","66","2665"
"4043","106","1459"
"4044","133","358"
"4045","104","1138"
"4046","154","2955"
"4047","11","3241"
"4048","64","3032"
"4049","106","3936"
"4050","74","1091"
"4051","140","3422"
"4052","113","2659"
"4053","34","2980"
"4054","183","3838"
"4055","66","292"
"4056","120","3241"
"4057","185","961"
"4058","75","3460"
"4059","126","276"
"4060","132","2015"
"4061","72","1152"
"4062","43","765"
"4063","186","660"
"4064","183","1649"
"4065","173","75"
"4066","76","1173"
"4067","88","1312"
"4068","69","323"
"4069","151","924"
"4070","149","3092"
"4071","12","1720"
"4072","167","2571"
"4073","183","3523"
"4074","163","2712"
"4075","131","1446"
"4076","66","3277"
"4077","132","3796"
"4078","170","2880"
"4079","185","370"
"4080","16","2270"
"4081","175","2379"
"4082","4","3494"
"4083","124","276"
"4084","121","758"
"4085","7","21"
"4086","177","701"
"4087","47","2449"
"4088","106","2499"
"4089","95","2832"
"4090","124","3058"
"4091","173","2017"
"4092","133","2163"
"4093","36","3054"
"4094","31","1843"
"4095","22","3430"
"4096","192","2222"
"4097","19","1196"
"4098","97","2369"
"4099","63","1731"
"4100","23","3714"
"4101","149","1736"
"4102","78","1127"
"4103","187","3893"
"4104","44","661"
"4105","177","1931"
"4106","190","2596"
"4107","22","2218"
"4108","170","1919"
"4109","99","2280"
"4110","186","1779"
"4111","90","2085"
"4112","106","465"
"4113","102","422"
"4114","115","276"
"4115","7","760"
"4116","100","957"
"4117","14","14"
"4118","3","889"
"4119","158","862"
"4120","84","3720"
"4121","87","809"
"4122","29","1187"
"4123","73","764"
"4124","170","1447"
"4125","154","1096"
"4126","142","1418"
"4127","50","3405"
"4128","196","2266"
"4129","185","3682"
"4130","94","2383"
"4131","86","252"
"4132","66","1847"
"4133","186","3575"
"4134","78","3328"
"4135","19","3547"
"4136","108","1929"
"4137","168","2029"
"4138","58","1087"
"4139","35","884"
"4140","71","711"
"4141","156","3673"
"4142","81","1491"
"4143","108","1794"
"4144","117","3434"
"4145","31","1649"
"4146","36","2085"
"4147","157","3983"
"4148","120","2370"
"4149","98","549"
"4150","71","768"
"4151","127","3460"
"4152","198","1704"
"4153","177","2348"
"4154","110","3064"
"4155","17","3714"
"4156","192","2541"
"4157","77","320"
"4158","32","1087"
"4159","97","1847"
"4160","157","680"
"4161","77","3362"
"4162","22","1187"
"4163","98","3779"
"4164","81","774"
"4165","101","1821"
"4166","144","2978"
"4167","142","1208"
"4168","65","3788"
"4169","22","2841"
"4170","96","23"
"4171","152","2819"
"4172","117","3966"
"4173","182","1096"
"4174","117","957"
"4175","6","2819"
"4176","145","709"
"4177","181","2036"
"4178","84","621"
"4179","22","1172"
"4180","116","998"
"4181","75","529"
"4182","43","794"
"4183","131","2331"
"4184","149","2156"
"4185","144","2339"
"4186","180","885"
"4187","59","1684"
"4188","149","3302"
"4189","25","1093"
"4190","188","3779"
"4191","85","2387"
"4192","52","1771"
"4193","106","2809"
"4194","70","2919"
"4195","138","300"
"4196","18","2380"
"4197","127","2310"
"4198","174","1257"
"4199","4","2023"
"4200","180","3717"
"4201","114","2222"
"4202","190","2770"
"4203","39","3658"
"4204","33","1115"
"4205","144","3766"
"4206","9","3851"
"4207","182","635"
"4208","29","3809"
"4209","195","2971"
"4210","58","1396"
"4211","134","2102"
"4212","48","2761"
"4213","180","2220"
"4214","147","838"
"4215","156","1401"
"4216","88","2353"
"4217","147","3513"
"4218","143","2026"
"4219","161","352"
"4220","45","1930"
"4221","183","2078"
"4222","35","2690"
"4223","4","2988"
"4224","101","3201"
"4225","48","398"
"4226","2","2677"
"4227","80","1855"
"4228","26","1668"
"4229","16","736"
"4230","53","165"
"4231","167","2360"
"4232","148","3060"
"4233","192","997"
"4234","71","2298"
"4235","83","3313"
"4236","35","592"
"4237","16","3486"
"4238","161","1069"
"4239","176","1612"
"4240","187","2943"
"4241","33","2001"
"4242","157","3305"
"4243","140","3282"
"4244","147","2001"
"4245","42","2272"
"4246","160","461"
"4247","191","3734"
"4248","73","1172"
"4249","69","3640"
"4250","177","966"
"4251","16","1788"
"4252","45","1430"
"4253","75","2080"
"4254","82","2276"
"4255","119","2330"
"4256","144","228"
"4257","183","3608"
"4258","136","1568"
"4259","175","2819"
"4260","68","3726"
"4261","132","1874"
"4262","195","170"
"4263","90","3440"
"4264","49","1974"
"4265","17","1888"
"4266","147","331"
"4267","7","2916"
"4268","47","3904"
"4269","6","1539"
"4270","169","3675"
"4271","72","1986"
"4272","26","1126"
"4273","166","3459"
"4274","65","1054"
"4275","163","2198"
"4276","63","1418"
"4277","59","3340"
"4278","25","1962"
"4279","103","1422"
"4280","61","196"
"4281","197","2231"
"4282","160","829"
"4283","43","3706"
"4284","185","1736"
"4285","143","1154"
"4286","18","1643"
"4287","138","2251"
"4288","44","627"
"4289","70","3179"
"4290","31","2727"
"4291","129","2745"
"4292","18","1572"
"4293","9","135"
"4294","91","3004"
"4295","187","3278"
"4296","150","2322"
"4297","132","382"
"4298","57","2634"
"4299","80","2241"
"4300","196","3834"
"4301","59","3626"
"4302","122","3175"
"4303","129","1678"
"4304","124","3381"
"4305","194","1864"
"4306","121","2412"
"4307","133","354"
"4308","8","3413"
"4309","143","2688"
"4310","147","2181"
"4311","24","829"
"4312","173","730"
"4313","107","426"
"4314","3","2030"
"4315","39","1696"
"4316","25","3513"
"4317","63","2620"
"4318","199","1856"
"4319","13","3555"
"4320","184","2497"
"4321","60","3505"
"4322","138","1113"
"4323","30","1972"
"4324","168","620"
"4325","96","3527"
"4326","65","3393"
"4327","23","3327"
"4328","110","2386"
"4329","93","934"
"4330","134","569"
"4331","75","3762"
"4332","143","2936"
"4333","90","3397"
"4334","48","3467"
"4335","153","2353"
"4336","60","3642"
"4337","81","501"
"4338","73","23"
"4339","40","946"
"4340","167","2796"
"4341","22","2357"
"4342","199","3896"
"4343","139","2763"
"4344","0","751"
"4345","4","3355"
"4346","71","2540"
"4347","183","3549"
"4348","154","1247"
"4349","82","2373"
"4350","62","331"
"4351","12","2596"
"4352","115","756"
"4353","113","1889"
"4354","43","1853"
"4355","26","1758"
"4356","53","3706"
"4357","192","2822"
"4358","77","3347"
"4359","59","312"
"4360","162","267"
"4361","49","3363"
"4362","120","2774"
"4363","1","3523"
"4364","104","3932"
"4365","197","3809"
"4366","78","1850"
"4367","184","1145"
"4368","150","1681"
"4369","53","3416"
"4370","86","1968"
"4371","121","2602"
"4372","65","1613"
"4373","180","2545"
"4374","167","3461"
"4375","89","3343"
"4376","115","760"
"4377","133","3139"
"4378","144","923"
"4379","101","966"
"4380","57","2976"
"4381","29","2620"
"4382","72","1821"
"4383","105","3749"
"4384","176","1064"
"4385","5","341"
"4386","173","2741"
"4387","193","876"
"4388","33","2334"
"4389","177","1102"
"4390","175","1212"
"4391","137","3361"
"4392","37","1426"
"4393","7","2720"
"4394","191","514"
"4395","62","1673"
"4396","180","2547"
"4397","149","2936"
"4398","165","3619"
"4399","115","2867"
"4400","127","736"
"4401","176","2334"
"4402","165","1136"
"4403","170","3553"
"4404","159","1162"
"4405","184","2530"
"4406","33","2407"
"4407","100","2939"
"4408","97","2220"
"4409","17","1164"
"4410","117","601"
"4411","148","3973"
"4412","118","1036"
"4413","82","166"
"4414","159","1200"
"4415","37","3586"
"4416","50","878"
"4417","101","1640"
"4418","15","3088"
"4419","54","180"
"4420","168","143"
"4421","172","2769"
"4422","131","3688"
"4423","81","178"
"4424","32","2343"
"4425","123","1684"
"4426","167","398"
"4427","40","466"
"4428","38","99"
"4429","70","1312"
"4430","172","3536"
"4431","61","2269"
"4432","172","1175"
"4433","84","3068"
"4434","191","2369"
"4435","26","3227"
"4436","140","153"
"4437","14","1882"
"4438","164","3646"
"4439","132","406"
"4440","11","569"
"4441","2","3167"
"4442","156","952"
"4443","169","3650"
"4444","98","2387"
"4445","162","1372"
"4446","80","157"
"4447","172","1064"
"4448","73","829"
"4449","184","99"
"4450","40","404"
"4451","8","2023"
"4452","195","952"
"4453","92","34"
"4454","123","1734"
"4455","65","3880"
"4456","111","2264"
"4457","181","3672"
"4458","113","2011"
"4459","193","3670"
"4460","113","420"
"4461","2","3575"
"4462","188","3865"
"4463","49","2988"
"4464","75","1490"
"4465","175","1720"
"4466","74","518"
"4467","33","1614"
"4468","103","1144"
"4469","32","654"
"4470","32","2339"
"4471","110","1775"
"4472","60","2435"
"4473","124","1540"
"4474","23","66"
"4475","90","2310"
"4476","20","2996"
"4477","77","1709"
"4478","101","3200"
"4479","0","3286"
"4480","157","585"
"4481","77","2943"
"4482","156","1030"
"4483","68","1458"
"4484","180","1418"
"4485","61","934"
"4486","186","3401"
"4487","165","2269"
"4488","0","2717"
"4489","99","1121"
"4490","173","2322"
"4491","67","2385"
"4492","41","2711"
"4493","110","2302"
"4494","69","1896"
"4495","163","3714"
"4496","59","3150"
"4497","66","988"
"4498","70","23"
"4499","122","3034"
"4500","158","205"
"4501","6","729"
"4502","91","1412"
"4503","97","3245"
"4504","48","265"
"4505","184","2936"
"4506","30","2111"
"4507","110","3459"
"4508","91","3823"
"4509","16","3261"
"4510","147","1775"
"4511","51","1679"
"4512","97","236"
"4513","130","1652"
"4514","101","965"
"4515","182","89"
"4516","168","2257"
"4517","89","2078"
"4518","102","1567"
"4519","153","2303"
"4520","154","1825"
"4521","178","384"
"4522","55","2360"
"4523","88","2772"
"4524","40","1156"
"4525","96","3679"
"4526","32","3536"
"4527","163","398"
"4528","92","1007"
"4529","184","2537"
"4530","114","237"
"4531","157","2761"
"4532","57","1962"
"4533","172","3024"
"4534","21","816"
"4535","53","426"
"4536","104","172"
"4537","62","1126"
"4538","173","3665"
"4539","7","236"
"4540","131","2746"
"4541","54","2619"
"4542","68","2079"
"4543","55","2746"
"4544","37","801"
"4545","182","3772"
"4546","4","2771"
"4547","94","2586"
"4548","110","3021"
"4549","113","3295"
"4550","77","568"
"4551","182","1882"
"4552","115","2697"
"4553","51","375"
"4554","159","2501"
"4555","40","1572"
"4556","111","3086"
"4557","135","1278"
"4558","4","3858"
"4559","185","1696"
"4560","5","2321"
"4561","169","399"
"4562","63","1162"
"4563","9","2820"
"4564","106","238"
"4565","23","3857"
"4566","18","1912"
"4567","170","700"
"4568","45","353"
"4569","88","1624"
"4570","114","137"
"4571","195","3588"
"4572","189","1176"
"4573","167","3519"
"4574","197","2295"
"4575","143","388"
"4576","36","1568"
"4577","195","2003"
"4578","46","2160"
"4579","191","1217"
"4580","65","1726"
"4581","165","49"
"4582","55","324"
"4583","108","3046"
"4584","152","602"
"4585","16","2436"
"4586","102","169"
"4587","174","2343"
"4588","172","56"
"4589","16","1886"
"4590","92","1899"
"4591","35","642"
"4592","144","2185"
"4593","185","2745"
"4594","116","803"
"4595","136","2425"
"4596","111","3930"
"4597","27","3131"
"4598","5","2612"
"4599","26","3101"
"4600","96","1891"
"4601","106","2761"
"4602","157","1440"
"4603","62","2992"
"4604","70","2494"
"4605","27","13"
"4606","180","2353"
"4607","185","526"
"4608","187","55"
"4609","79","3872"
"4610","176","529"
"4611","69","1423"
"4612","23","2407"
"4613","128","1888"
"4614","162","3200"
"4615","175","89"
"4616","185","3946"
"4617","139","783"
"4618","192","1869"
"4619","199","158"
"4620","141","1161"
"4621","152","2366"
"4622","149","1087"
"4623","176","620"
"4624","168","3005"
"4625","152","1490"
"4626","17","1194"
"4627","11","3692"
"4628","126","2696"
"4629","86","3060"
"4630","196","1268"
"4631","17","3469"
"4632","118","765"
"4633","177","3358"
"4634","122","68"
"4635","180","2976"
"4636","144","1396"
"4637","112","1498"
"4638","10","1643"
"4639","122","1426"
"4640","164","3693"
"4641","154","716"
"4642","55","3433"
"4643","58","2922"
"4644","14","542"
"4645","5","3715"
"4646","56","838"
"4647","3","874"
"4648","17","3478"
"4649","188","3418"
"4650","50","2880"
"4651","149","56"
"4652","117","128"
"4653","22","704"
"4654","13","1229"
"4655","170","509"
"4656","56","3130"
"4657","35","64"
"4658","86","51"
"4659","29","3872"
"4660","169","3404"
"4661","95","700"
"4662","73","2350"
"4663","143","2805"
"4664","67","3644"
"4665","150","2407"
"4666","164","3782"
"4667","33","2878"
"4668","14","362"
"4669","33","2017"
"4670","45","2270"
"4671","193","1426"
"4672","183","262"
"4673","87","248"
"4674","91","2587"
"4675","117","3983"
"4676","105","3834"
"4677","24","547"
"4678","149","3784"
"4679","32","2322"
"4680","61","594"
"4681","19","2331"
"4682","134","3541"
"4683","77","1907"
"4684","165","1758"
"4685","160","429"
"4686","126","300"
"4687","98","2631"
"4688","115","1509"
"4689","21","3839"
"4690","73","3297"
"4691","113","377"
"4692","186","2058"
"4693","92","3356"
"4694","75","3932"
"4695","165","1369"
"4696","162","1453"
"4697","155","2448"
"4698","143","3381"
"4699","49","1500"
"4700","119","2322"
"4701","191","627"
"4702","58","829"
"4703","68","560"
"4704","176","3566"
"4705","11","3574"
"4706","61","1383"
"4707","83","3227"
"4708","183","1668"
"4709","30","2847"
"4710","80","955"
"4711","107","3385"
"4712","105","3370"
"4713","59","644"
"4714","114","959"
"4715","97","3298"
"4716","15","1075"
"4717","49","1453"
"4718","3","1302"
"4719","154","3547"
"4720","123","124"
"4721","52","1675"
"4722","198","660"
"4723","11","3170"
"4724","95","2916"
"4725","163","3163"
"4726","127","588"
"4727","47","2435"
"4728","42","1923"
"4729","41","1056"
"4730","106","389"
"4731","23","3991"
"4732","69","565"
"4733","64","735"
"4734","36","2261"
"4735","88","108"
"4736","117","3837"
"4737","65","2412"
"4738","183","2412"
"4739","107","2819"
"4740","197","431"
"4741","155","3527"
"4742","160","3745"
"4743","39","194"
"4744","61","924"
"4745","129","1472"
"4746","89","588"
"4747","74","399"
"4748","117","788"
"4749","18","302"
"4750","22","3859"
"4751","188","3775"
"4752","8","1149"
"4753","95","1042"
"4754","162","1905"
"4755","190","3068"
"4756","37","1152"
"4757","131","2945"
"4758","64","1865"
"4759","155","437"
"4760","48","2028"
"4761","160","268"
"4762","124","2159"
"4763","174","3745"
"4764","86","978"
"4765","183","3947"
"4766","131","3839"
"4767","23","2703"
"4768","104","959"
"4769","145","736"
"4770","84","2938"
"4771","162","2954"
"4772","178","3736"
"4773","118","185"
"4774","159","3777"
"4775","109","23"
"4776","175","3034"
"4777","169","3355"
"4778","40","2054"
"4779","14","1189"
"4780","85","1807"
"4781","95","3779"
"4782","87","1888"
"4783","116","27"
"4784","12","3780"
"4785","9","3541"
"4786","6","21"
"4787","140","3251"
"4788","96","661"
"4789","191","2194"
"4790","6","3251"
"4791","172","3869"
"4792","196","2674"
"4793","85","97"
"4794","53","1129"
"4795","139","3300"
"4796","57","1215"
"4797","120","2061"
"4798","194","3138"
"4799","127","2202"
"4800","186","1864"
"4801","174","1408"
"4802","99","2369"
"4803","52","996"
"4804","55","3665"
"4805","30","3969"
"4806","196","726"
"4807","6","3614"
"4808","37","3851"
"4809","116","404"
"4810","10","2744"
"4811","142","3893"
"4812","11","1338"
"4813","187","123"
"4814","108","565"
"4815","107","1523"
"4816","181","2145"
"4817","161","2948"
"4818","153","3355"
"4819","182","2493"
"4820","173","3005"
"4821","11","3752"
"4822","167","3542"
"4823","182","3979"
"4824","13","1190"
"4825","197","2125"
"4826","42","2078"
"4827","158","3966"
"4828","90","2834"
"4829","177","240"
"4830","163","1821"
"4831","162","3749"
"4832","23","1217"
"4833","119","1030"
"4834","175","1425"
"4835","91","2029"
"4836","188","2907"
"4837","166","1667"
"4838","139","135"
"4839","126","1247"
"4840","96","3292"
"4841","90","572"
"4842","166","3273"
"4843","102","781"
"4844","101","881"
"4845","166","1855"
"4846","153","3583"
"4847","146","2313"
"4848","6","988"
"4849","6","2017"
"4850","92","3147"
"4851","69","3957"
"4852","16","2916"
"4853","176","469"
"4854","163","2312"
"4855","196","634"
"4856","97","1319"
"4857","99","1998"
"4858","43","3970"
"4859","154","577"
"4860","112","2541"
"4861","83","337"
"4862","192","1858"
"4863","104","3919"
"4864","83","75"
"4865","134","3428"
"4866","29","3241"
"4867","31","84"
"4868","56","184"
"4869","83","1696"
"4870","52","501"
"4871","103","3586"
"4872","38","132"
"4873","150","700"
"4874","175","1991"
"4875","37","3978"
"4876","159","3422"
"4877","133","551"
"4878","157","1582"
"4879","140","1329"
"4880","188","511"
"4881","87","2342"
"4882","70","1977"
"4883","166","2526"
"4884","169","2435"
"4885","32","2504"
"4886","39","3208"
"4887","90","3932"
"4888","9","2218"
"4889","79","3998"
"4890","46","3408"
"4891","68","1821"
"4892","62","1461"
"4893","27","3865"
"4894","75","592"
"4895","15","3021"
"4896","166","3433"
"4897","14","1328"
"4898","108","3024"
"4899","186","3276"
"4900","69","1515"
"4901","26","2084"
"4902","11","2794"
"4903","74","1290"
"4904","34","542"
"4905","4","2499"
"4906","76","2784"
"4907","105","2316"
"4908","1","3505"
"4909","133","3169"
"4910","78","3029"
"4911","133","3976"
"4912","90","783"
"4913","168","2183"
"4914","141","2359"
"4915","148","1632"
"4916","159","1733"
"4917","19","610"
"4918","76","1433"
"4919","186","955"
"4920","187","2694"
"4921","47","2495"
"4922","180","3250"
"4923","71","887"
"4924","84","538"
"4925","25","2560"
"4926","137","2306"
"4927","188","1780"
"4928","77","1257"
"4929","38","3072"
"4930","13","2371"
"4931","167","3033"
"4932","152","2614"
"4933","154","715"
"4934","28","3978"
"4935","25","623"
"4936","25","1166"
"4937","23","2464"
"4938","97","1666"
"4939","108","1079"
"4940","31","3406"
"4941","153","2436"
"4942","177","823"
"4943","46","2860"
"4944","118","2545"
"4945","25","3177"
"4946","121","2543"
"4947","147","1014"
"4948","166","2996"
"4949","168","2011"
"4950","35","2344"
"4951","59","3719"
"4952","150","1679"
"4953","22","3913"
"4954","87","2194"
"4955","196","2752"
"4956","163","995"
"4957","27","3472"
"4958","199","3715"
"4959","88","3804"
"4960","88","205"
"4961","151","577"
"4962","89","2361"
"4963","52","2272"
"4964","7","1883"
"4965","94","654"
"4966","135","166"
"4967","122","2084"
"4968","195","1543"
"4969","18","2287"
"4970","4","580"
"4971","84","2614"
"4972","51","2287"
"4973","109","1728"
"4974","179","3440"
"4975","52","358"
"4976","61","2936"
"4977","54","2176"
"4978","69","3391"
"4979","49","1867"
"4980","34","2208"
"4981","175","1776"
"4982","2","1159"
"4983","57","2688"
"4984","84","132"
"4985","13","2984"
"4986","167","569"
"4987","119","2023"
"4988","144","731"
"4989","137","2407"
"4990","50","1981"
"4991","180","1728"
"4992","96","3355"
"4993","117","3936"
"4994","56","340"
"4995","5","1907"
"4996","86","100"
"4997","157","3855"
"4998","161","1545"
"4999","123","3326"
